Short Name,Long Name,Base Price,Current Price,Number of Days,Average Rating,Number of Reviews,List of Images,Link
Phòng tại Dalat,Căn phòng giá rẻ,604824,604824,2,5.0,41,https://a0.muscache.com/im/pictures/miso/Hosting-1242540737594712310/original/b00e5866-a19a-4bdc-a667-ec80d407aef0.jpeg,https://www.airbnb.com.vn/rooms/1304088499199128223
Phòng tại Dalat,Phòng tối giản trên núi 1 | Tầm nhìn ra mây và hoàng hôn,1259351,1259351,2,4.9,62,https://a0.muscache.com/im/pictures/miso/Hosting-966487164949434955/original/4380fb09-16cc-426e-8d82-a1891c794708.jpeg,https://www.airbnb.com.vn/rooms/966487164949434955
Nhà siêu nhỏ tại Dalat,"Cabin ấm cúng, hiên nhà và vườn ấm áp",1829692,1829692,2,4.98,42,https://a0.muscache.com/im/pictures/miso/Hosting-1110614071363101241/original/81fe8e71-2570-4f42-a188-5d1b4e0aa570.jpeg,https://www.airbnb.com.vn/rooms/1110614071363101241
Căn hộ tại Dalat,Căn hộ Farmhouse ở trung tâm thành phố Đà Lạt,5403988,4792943,2,5.0,11,https://a0.muscache.com/im/pictures/hosting/Hosting-U3RheVN1cHBseUxpc3Rpbmc6MTMzMTUwNjc1MTU4NTcyNjI0OA==/original/5dc68aa6-8367-4ed9-9d2b-ad461897cad3.jpeg,https://www.airbnb.com.vn/rooms/1331506751585726248
Căn hộ tại Dalat,"Studio và bồn tắm trong rừng | Bếp riêng, Ban công",3241310,2917180,2,4.97,29,https://a0.muscache.com/im/pictures/hosting/Hosting-1353653864064161285/original/736f6de3-2004-4bab-b151-074c43995dd1.jpeg,https://www.airbnb.com.vn/rooms/1353653864064161285
Khách sạn tại Dalat,Kim Quỳnh House 2,1191392,1034561,2,4.97,33,https://a0.muscache.com/im/pictures/hosting/Hosting-1212216029920237206/original/45a457af-31f2-4c1f-b514-a1e0a447a9d9.jpeg,https://www.airbnb.com.vn/rooms/1212216029920237206
Căn hộ tại Dalat,Penthouse 2 tầng nằm ở trung tâm Đà Lạt,5934120,5934120,2,5.0,27,https://a0.muscache.com/im/pictures/miso/Hosting-1331507093943308869/original/ee7d8053-985b-4ab6-ad4f-89b0e7f0f1b7.jpeg,https://www.airbnb.com.vn/rooms/1331507093943308869
Phòng tại Dalat,Lều gỗ phong cách Bắc Âu tại Đà Lạt -toilet riêng,1243200,1076700,2,4.97,60,https://a0.muscache.com/im/pictures/miso/Hosting-863996371657185564/original/815e3612-8aba-4339-b0ea-c747135b1797.jpeg,https://www.airbnb.com.vn/rooms/865463728918909002
Phòng tại Dalat,Mèo Ổi~ PrivateWC&Kitchen~Không thích hợp cho trẻ em,1415059,1415059,2,5.0,17,https://a0.muscache.com/im/pictures/hosting/Hosting-U3RheVN1cHBseUxpc3Rpbmc6Nzk2MDc0ODU4NDU1OTMwMTI2/original/21aad889-7f79-4789-b69a-8d7e8799a2cf.jpeg,https://www.airbnb.com.vn/rooms/796074858455930126
Nhà tại Dalat,Nhà gỗ mộc mạc ở Đà Lạt,3407670,3407670,2,4.98,50,https://a0.muscache.com/im/pictures/hosting/Hosting-1090711641803055069/original/0aec0795-6045-4e17-8282-b81b0756266f.jpeg,https://www.airbnb.com.vn/rooms/1090711641803055069
Cabin tại Dalat,Căn Family nguyên căn 2 phòng ngủ- Lavita home,3557080,3252354,2,4.97,91,https://a0.muscache.com/im/pictures/8f9cbc81-d277-48e7-a2fc-081cd641b2f0.jpg,https://www.airbnb.com.vn/rooms/875995689888206332
Căn hộ tại Dalat,căn hộ cho thuê,3195296,3195296,2,4.89,148,https://a0.muscache.com/im/pictures/hosting/Hosting-815516368820181027/original/3c0c8e53-6afe-4163-a150-9c3f8f870542.jpeg,https://www.airbnb.com.vn/rooms/815516368820181027
Nhà tại Dalat,1 phòng ngủ ấm áp tại trung tâm thành phố Đà Lạt,1330612,1330612,2,4.89,121,https://a0.muscache.com/im/pictures/miso/Hosting-704828762802485541/original/b254e8f3-a100-4e73-9473-f795d8ceeff7.jpeg,https://www.airbnb.com.vn/rooms/704828762802485541
Nhà tại Dalat,11Cottage Đà Lạt,3423531,3423531,2,0.0,0,https://a0.muscache.com/im/pictures/hosting/Hosting-1235902594182368108/original/53ada72d-4e2b-4cc2-808c-5e20d00e7434.jpeg,https://www.airbnb.com.vn/rooms/1235902594182368108
Nơi ở tại Dalat,Toàn cảnh Đà Lạt,2396472,2396472,2,4.6,5,https://a0.muscache.com/im/pictures/hosting/Hosting-U3RheVN1cHBseUxpc3Rpbmc6MTMzNjE5ODE4MjY2OTY4NzU3NQ%3D%3D/original/4048bff1-daa1-4f6e-9517-97ac5f42a933.jpeg,https://www.airbnb.com.vn/rooms/1336198182669687575
Nhà tại Dalat,The Fairy House. Đà Lạt,4108237,4108237,2,0.0,0,https://a0.muscache.com/im/pictures/hosting/Hosting-1437404998260656679/original/8b984863-c372-4904-b3e6-b87323c47684.jpeg,https://www.airbnb.com.vn/rooms/1437404998260656679
Nhà tại Dalat,Hè Home,3980150,3980150,2,4.83,12,https://a0.muscache.com/im/pictures/hosting/Hosting-U3RheVN1cHBseUxpc3Rpbmc6MTA3OTM4NDA5MTg4MTAzNDgwNQ%3D%3D/original/8ad2e656-604e-4443-9f8e-5c0d5c1c27e1.jpeg,https://www.airbnb.com.vn/rooms/1079384091881034805
Nhà tại Dalat,Biệt thự Bit By Bit Đà Lạt,5172278,5172278,2,4.91,22,https://a0.muscache.com/im/pictures/miso/Hosting-1195461213861686041/original/e4ff6b73-5c6d-4fde-a5ea-25325db530a0.jpeg,https://www.airbnb.com.vn/rooms/1195461213861686041
Nhà tại Dalat,"Ở lại, cảmnhận & tình yêu_Thung lũng",1795188,1795188,2,4.79,258,https://a0.muscache.com/im/pictures/9575853f-6388-43c4-ac9a-0e054f0e6a88.jpg,https://www.airbnb.com.vn/rooms/26759335
Biệt thự tại Dalat,Luxury Villa Dalat View Rừng Thông Cực Chill (New),9004381,7988239,2,4.95,22,https://a0.muscache.com/im/pictures/hosting/Hosting-1334028723573802991/original/7db4aacd-286b-4c2f-9d0e-60e4abfbb425.jpeg,https://www.airbnb.com.vn/rooms/1334028723573802991
Căn hộ tại Phường 1,Đêm tối ở trung tâm Đà Lạt,1196952,958589,2,4.69,135,https://a0.muscache.com/im/pictures/miso/Hosting-47985066/original/8df0ad74-8371-4e0c-a748-4c7b0776c46b.jpeg,https://www.airbnb.com.vn/rooms/47985066
Phòng tại Phường 1,Phòng ấm áp đón nắng mai,672153,672153,2,4.9,20,https://a0.muscache.com/im/pictures/miso/Hosting-1242540737594712310/original/b00e5866-a19a-4bdc-a667-ec80d407aef0.jpeg,https://www.airbnb.com.vn/rooms/1263548815502726027
Căn hộ tại Dalat,Sunset City View Studio | Bồn tắm Minibar và Netflix,1561986,1405788,2,5.0,11,https://a0.muscache.com/im/pictures/hosting/Hosting-1353659801042006667/original/a5c94d76-fdc5-4ad4-a845-ee768c4ccce8.jpeg,https://www.airbnb.com.vn/rooms/1353659801042006667
Biệt thự tại Dalat,Retreat House w Garden/cách chợ Đà Lạt 3 km,4491176,4491176,2,4.95,20,https://a0.muscache.com/im/pictures/hosting/Hosting-U3RheVN1cHBseUxpc3Rpbmc6MTI4NTQxNTExOTM2NzQ5MzU3Nw%3D%3D/original/04b4fe11-16c8-4043-8e2b-4697b704f118.jpeg,https://www.airbnb.com.vn/rooms/1285415119367493577
Căn hộ tại Dalat,Căn hộ Homey-Feels like home,2967060,2967060,2,0.0,0,https://a0.muscache.com/im/pictures/hosting/Hosting-1441789138212629800/original/e8bbe4ba-cc90-4256-af62-e65e8eae2bd9.jpeg,https://www.airbnb.com.vn/rooms/1441789138212629800
Nhà tại Dalat,Hơi thở tự nhiên gần trung tâm,3050366,3050366,2,0.0,0,https://a0.muscache.com/im/pictures/miso/Hosting-1432263238067659175/original/3dc06409-3633-448f-8154-4dc17408d896.jpeg,https://www.airbnb.com.vn/rooms/1432263238067659175
Căn hộ tại Dalat,Căn hộ Mimimo Ghibli Studio ( 2 phòng ngủ),2944237,2944237,2,4.73,15,https://a0.muscache.com/im/pictures/hosting/Hosting-1236086806003695030/original/da3ce2ca-69de-44e2-b35d-b6ea6169cd81.jpeg,https://www.airbnb.com.vn/rooms/1236086806003695030
Biệt thự tại Dalat,2 phòng ngủ/3 giường*Nhà bếp*Máy giặt*Cách hồ Xuân Hà 500 m,3696417,3234947,2,0.0,0,https://a0.muscache.com/im/pictures/hosting/Hosting-1343985581889026022/original/13f3ca3f-4e86-4125-b3d4-00ad9681be61.jpeg,https://www.airbnb.com.vn/rooms/1343985581889026022
Căn hộ tại Phường 1,Căn hộ Indochine ở trung tâm thành phố Đà Lạt,4792943,4792943,2,5.0,13,https://a0.muscache.com/im/pictures/hosting/Hosting-U3RheVN1cHBseUxpc3Rpbmc6MTM0Njk2NDkwNDI5MDk1NTQxOQ==/original/8d115d98-15ee-475a-be25-819d3c14b529.jpeg,https://www.airbnb.com.vn/rooms/1346964904290955419
Căn hộ tại Dalat,"Căn hộ hướng rừng, bồn tắm và ban công nhìn ra cây thông",3472647,3472647,2,4.9,10,https://a0.muscache.com/im/pictures/hosting/Hosting-1353640437460779954/original/9bcdfc7a-53af-44b1-b5c5-d0e8e142d7a4.jpeg,https://www.airbnb.com.vn/rooms/1353640437460779954
Căn hộ tại Phường 1,Căn hộ Industrial,3880002,3880002,2,5.0,13,https://a0.muscache.com/im/pictures/hosting/Hosting-U3RheVN1cHBseUxpc3Rpbmc6MTM1Nzg2MTA1MDYxOTAzMjQ2Mw==/original/b96fba6f-3cc0-4870-be07-a744c7c891d1.jpeg,https://www.airbnb.com.vn/rooms/1357861050619032463
Phòng tại Dalat,Mối Tình Đầu Homestay Bus Room,1355718,1355718,2,4.95,39,https://a0.muscache.com/im/pictures/miso/Hosting-1265570601946726814/original/dbb3b6f8-5ca2-4323-8438-b4218f7f45ca.jpeg,https://www.airbnb.com.vn/rooms/1266439494907750003
Khách sạn tại Phường 2,Kim Quỳnh House 3,1141177,1141177,2,5.0,41,https://a0.muscache.com/im/pictures/hosting/Hosting-1212216029920237206/original/45a457af-31f2-4c1f-b514-a1e0a447a9d9.jpeg,https://www.airbnb.com.vn/rooms/1332344380998534064
Căn hộ tại Phường 2,Căn hộ 3 phòng ngủ - Căn hộ hiện đại có bãi đỗ xe,1959535,1959535,2,4.77,62,https://a0.muscache.com/im/pictures/miso/Hosting-548984486425514499/original/5f26dd5f-70af-4d9f-ae85-bd989b7a5ce7.jpeg,https://www.airbnb.com.vn/rooms/548984486425514499
Phòng tại Phường 1,Lati May Dalat (Quartus),1483530,1483530,2,5.0,42,https://a0.muscache.com/im/pictures/0f3ac5e8-5eb7-4616-a033-c27d3c7c92c8.jpg,https://www.airbnb.com.vn/rooms/1038161371291367701
Nhà nghỉ nông trại tại Dalat,Nguyên căn Dalaha Retreat,4336473,4336473,2,4.86,14,https://a0.muscache.com/im/pictures/miso/Hosting-1051109769818750003/original/12824c80-813a-4353-b103-cd86cd8cf7e8.jpeg,https://www.airbnb.com.vn/rooms/1051109769818750003
Nhà tại Dalat,Nhà gỗ 3 phòng ngủ 5 phút để đến chợ,5619769,5619769,2,4.88,17,https://a0.muscache.com/im/pictures/miso/Hosting-917247109521657914/original/b4901d86-d1fb-4481-b8b1-123e116148a3.jpeg,https://www.airbnb.com.vn/rooms/917247109521657914
Phòng tại Dalat,Căn hộ hướng núi rộng rãi Retreat,3559797,3559797,2,4.76,17,https://a0.muscache.com/im/pictures/033f23e1-6684-46dd-81f7-683fb64b1d45.jpg,https://www.airbnb.com.vn/rooms/967170056632007237
Phòng tại Phường 1,Ấm Homestay nguyên tầng 3 phòng,2282354,2282354,2,5.0,9,https://a0.muscache.com/im/pictures/miso/Hosting-1239577180356992761/original/b45d3fe6-5bc3-40cd-af69-d0f93c491baa.jpeg,https://www.airbnb.com.vn/rooms/1254141856224422565
Phòng tại Dalat,"Family Forest Suite |Bồn tắm, bếp, ban công lớn",3912882,3521594,2,4.5,4,https://a0.muscache.com/im/pictures/hosting/Hosting-U3RheVN1cHBseUxpc3Rpbmc6MTM1MzQwODQ5ODM1NDA4ODU2Ng==/original/e943b218-5dfa-4944-9802-edce5dce9d66.jpeg,https://www.airbnb.com.vn/rooms/1353408498354088566
Phòng tại Dalat,Mèo Mận~Ban công~Dùng chung nhà vệ sinh~Không thích hợp cho trẻ em,1072706,1072706,2,5.0,10,https://a0.muscache.com/im/pictures/hosting/Hosting-1173404542193868583/original/5f708fab-6721-4d50-a68c-80d67456569f.jpeg,https://www.airbnb.com.vn/rooms/1173404542193868583
Căn hộ tại Phường 1,Căn hộ 1 phòng ngủ/Trung tâm/5 phút đến hồ/2 phút đến chợ,2719760,2719760,2,4.72,78,https://a0.muscache.com/im/pictures/hosting/Hosting-U3RheVN1cHBseUxpc3Rpbmc6MjkxNjI5MTM=/original/d14d5693-96ee-486e-b4c3-862566f356fe.jpeg,https://www.airbnb.com.vn/rooms/29162913
Căn hộ tại Dalat,Căn hộ Penthouse trên tầng cao nhất riêng | Tầm nhìn ra rừng tuyệt đẹp,6120000,6120000,2,4.64,28,https://a0.muscache.com/im/pictures/hosting/Hosting-1252707096363525512/original/97fb7bcd-25f7-452f-bebb-c98a96440a5c.jpeg,https://www.airbnb.com.vn/rooms/1252707096363525512
Căn hộ tại Dalat,Gia Hạ House (R2.2)_View Thung Lũng-Núi,1709483,1709483,2,4.91,184,https://a0.muscache.com/im/pictures/fdeaeb5f-02c4-4343-9d32-f4464744152d.jpg,https://www.airbnb.com.vn/rooms/38150588
Nhà tại Dalat,Envy Dalat - home sân vườn,3164061,3164061,2,4.88,26,https://a0.muscache.com/im/pictures/hosting/Hosting-1149852181500806941/original/2ab48367-5603-4c1a-a80f-03a499b6f65d.jpeg,https://www.airbnb.com.vn/rooms/1149852181500806941
Phòng tại Dalat,Phòng tối giản trên núi 2 | Tầm nhìn ra mây và hoàng hôn,1471335,1314504,2,4.94,54,https://a0.muscache.com/im/pictures/miso/Hosting-966487158091433212/original/9d5e8a9c-554d-4174-88d7-f6caddce7b0d.jpeg,https://www.airbnb.com.vn/rooms/966487158091433212
Căn hộ tại Dalat,Dalat Mint Homestay 2,1940001,1940001,2,4.82,100,https://a0.muscache.com/im/pictures/ef6fcffe-1f34-4091-b99f-f49f5d9a3e91.jpg,https://www.airbnb.com.vn/rooms/37334395
Nhà phố tại Dalat,South Of The border - Phia Nam Biên Gioi,3742243,3742243,2,4.77,274,https://a0.muscache.com/im/pictures/35c00514-0d38-4287-8c4a-8b7f1714bade.jpg,https://www.airbnb.com.vn/rooms/40317627
Biệt thự tại Việt Nam,Nơi ẩn náu trong nhà Tinghouse,3440649,3440649,2,4.85,40,https://a0.muscache.com/im/pictures/e9d4d710-1b49-4a2d-95d2-560be0d30856.jpg,https://www.airbnb.com.vn/rooms/45105089
Biệt thự tại Dalat,"Full house 4 phòng ngủ, trung tâm thành phố Đà Lạt, tầm nhìn ra đồi núi",11754123,11754123,2,4.93,15,https://a0.muscache.com/im/pictures/hosting/Hosting-1303972713869231076/original/f722ebff-6152-4303-9616-10971fa3ae84.jpeg,https://www.airbnb.com.vn/rooms/1303972713869231076
Căn hộ tại Phường 1,39 Uchi - Căn Hộ Trung Tâm Thành Phố Đà Lạt 2BR,2364105,1899221,2,4.75,40,https://a0.muscache.com/im/pictures/miso/Hosting-1217154875373241975/original/ce20ab22-bcbe-4f85-a825-abaf74f1694a.jpeg,https://www.airbnb.com.vn/rooms/1217154875373241975
Phòng tại Dalat,Căn hộ Pine Valley View | Ban công thư giãn + Bồn tắm,3406460,3065814,2,4.88,16,https://a0.muscache.com/im/pictures/hosting/Hosting-U3RheVN1cHBseUxpc3Rpbmc6MTM1MzQwMzQ3OTk2NzEzNDQzMA==/original/6b8cad27-ca4b-4fb3-9787-d46ffe5518c6.jpeg,https://www.airbnb.com.vn/rooms/1353403479967134430
Nhà tại Dalat,2 phòng ngủ - căn nhà gỗ xinh xắn trung tâm Đà Lạt,1936577,1936577,2,4.59,34,https://a0.muscache.com/im/pictures/miso/Hosting-704828817108021980/original/b4c7c2e3-37c9-4f7b-9b45-bae6dce71a46.jpeg,https://www.airbnb.com.vn/rooms/704828817108021980
Phòng tại Phường 1,Lati May Dalat (Tertius),867295,867295,2,4.96,45,https://a0.muscache.com/im/pictures/aa7efeeb-edc8-48c2-bc29-fba9fb6f2e1b.jpg,https://www.airbnb.com.vn/rooms/1017316995195937719
Phòng tại Dalat,Summery - Nhà của Eiji,1483530,1483530,2,4.91,11,https://a0.muscache.com/im/pictures/hosting/Hosting-1351160010056117335/original/7deb326d-e713-4923-ac5d-4a13c1bf1eb0.jpeg,https://www.airbnb.com.vn/rooms/1351160010056117335
Nhà tại Dalat,"Biệt thự L'Ciel - 7 phòng, tầm nhìn ra thành phố và vườn BBQ",11297652,11297652,2,5.0,5,https://a0.muscache.com/im/pictures/hosting/Hosting-1381817350952838364/original/4aaf4cbd-a1fc-4afc-b277-42c8c17b592c.jpeg,https://www.airbnb.com.vn/rooms/1381817350952838364
Nhà tại Dalat,Envy Dalat - home sân vườn,3164061,3164061,2,4.88,26,https://a0.muscache.com/im/pictures/hosting/Hosting-1149852181500806941/original/2ab48367-5603-4c1a-a80f-03a499b6f65d.jpeg,https://www.airbnb.com.vn/rooms/1149852181500806941
Nhà phố tại Dalat,Nhà nguyên căn 3PN Đà Lạt,4107397,4107397,2,4.78,37,https://a0.muscache.com/im/pictures/miso/Hosting-848290309312734357/original/2900bcab-b5eb-46c8-bc8c-10e0ac1a4e6a.jpeg,https://www.airbnb.com.vn/rooms/1007975411892823333
Nơi ở tại Dalat,GÓC PHỐ STUDIO 2,958589,958589,2,4.73,168,https://a0.muscache.com/im/pictures/ed134b90-3133-418a-819c-153388cb246e.jpg,https://www.airbnb.com.vn/rooms/37438854
Căn hộ tại Dalat,Studio trung tâm bên suối nước - tầng một,1027059,1027059,2,4.91,43,https://a0.muscache.com/im/pictures/miso/Hosting-790825543274242749/original/0d70192c-3ea4-4737-b183-b0a31403088a.jpeg,https://www.airbnb.com.vn/rooms/790825543274242749
Biệt thự tại Dalat,Villa săn mây view đẹp siêu đỉnh,5705885,5705885,2,4.73,52,https://a0.muscache.com/im/pictures/48d5c17a-1f15-4290-9118-41bfceb033ba.jpg,https://www.airbnb.com.vn/rooms/966974480803455247
Căn hộ tại Dalat,"Căn hộ hướng rừng, bồn tắm và ban công nhìn ra cây thông",3472647,3472647,2,4.9,10,https://a0.muscache.com/im/pictures/hosting/Hosting-1353640437460779954/original/9bcdfc7a-53af-44b1-b5c5-d0e8e142d7a4.jpeg,https://www.airbnb.com.vn/rooms/1353640437460779954
Bungalow tại Dalat,DreamlakeDalat - Bungalow mộc mạc với bếp và bồn tắm nước nóng,2253413,1613389,2,4.86,77,https://a0.muscache.com/im/pictures/f901dda9-3652-46b6-be94-8a7f596efdb1.jpg,https://www.airbnb.com.vn/rooms/654793965951402986
Phòng tại Dalat,Mèo Đồi~ 2 người ~ Nhà vệ sinh riêng ~Không thích hợp cho trẻ em,1369412,1369412,2,0.0,0,https://a0.muscache.com/im/pictures/miso/Hosting-1174813004934927206/original/ae0fd0dc-c831-4eaa-a371-f81f29cd1f75.jpeg,https://www.airbnb.com.vn/rooms/1384012044984732151
Nhà tại Dalat,The Fairy House. Đà Lạt,4108237,4108237,2,0.0,0,https://a0.muscache.com/im/pictures/hosting/Hosting-1437404998260656679/original/8b984863-c372-4904-b3e6-b87323c47684.jpeg,https://www.airbnb.com.vn/rooms/1437404998260656679
Khách sạn tại Dalat,"Ấm áp , có ban công",1141177,1141177,2,5.0,7,https://a0.muscache.com/im/pictures/hosting/Hosting-1380398503804611845/original/5acfd6f3-bf2a-4a62-a449-9271191161b9.jpeg,https://www.airbnb.com.vn/rooms/1380452946408917146
Phòng tại Dalat,Ly's Home,667765,547765,2,5.0,16,https://a0.muscache.com/im/pictures/hosting/Hosting-1340998650525522452/original/9d3a3255-cdf2-4e18-83a7-b46b1baa42ce.jpeg,https://www.airbnb.com.vn/rooms/1340998650525522452
Biệt thự tại Dalat,Biệt thự Đà Lạt Blanc,5200000,5200000,2,0.0,0,https://a0.muscache.com/im/pictures/hosting/Hosting-U3RheVN1cHBseUxpc3Rpbmc6MTQzNjkwMDc0MjA0Mzk3MDQ4Ng==/original/65343b0b-0358-4420-9363-6b787df659c2.jpeg,https://www.airbnb.com.vn/rooms/1436900742043970486
Phòng tại Dalat,Phòng riêng có ban công và tầm nhìn ra thành phố đẹp 3,912942,912942,2,4.9,39,https://a0.muscache.com/im/pictures/70f7ce35-75ab-48c6-8ffe-e2b1534bb7cc.jpg,https://www.airbnb.com.vn/rooms/47001503
Nhà tại Dalat,"Tom's House - 6 phòng, khu vực bbq và trung tâm thành phố",6847062,6847062,2,4.93,27,https://a0.muscache.com/im/pictures/hosting/Hosting-1079313158710401527/original/caccda10-bfd9-4781-9c50-4a22e3a7f145.jpeg,https://www.airbnb.com.vn/rooms/1079313158710401527
Nhà nghỉ dưỡng tại Dalat,Little Forest | CÂY CÀ PHÊ nhà nghỉ dưỡng tuyệt vời,3870000,3870000,2,4.89,82,https://a0.muscache.com/im/pictures/miso/Hosting-579318425692732868/original/31c6fc98-7f55-472c-9eea-9159b2e44557.jpeg,https://www.airbnb.com.vn/rooms/579318425692732868
Nhà tại Dalat,[Nhà đơn giản] 1 pho ̀ ng ngu ̉ cho 2 người có ban công,1437883,1437883,2,5.0,3,https://a0.muscache.com/im/pictures/miso/Hosting-1404764463570089304/original/3c683fa6-cd55-421a-9677-f53ea9cd49da.jpeg,https://www.airbnb.com.vn/rooms/1404764463570089304
Phòng tại Dalat,Phòng đơn 2,890353,730353,2,0.0,0,https://a0.muscache.com/im/pictures/hosting/Hosting-1438379567175456932/original/64a6ca1a-a348-4a60-875d-88710dbd9b11.jpeg,https://www.airbnb.com.vn/rooms/1438379567175456932
Nhà tại Dalat,"Biệt thự kiểu Pháp độc đáo, khu nghỉ dưỡng dành cho gia đình có vườn",5202598,5202598,2,4.85,26,https://a0.muscache.com/im/pictures/hosting/Hosting-1104578277272170296/original/483b5e84-400e-4af6-aef8-030c80fec219.jpeg,https://www.airbnb.com.vn/rooms/1104578277272170296
Nhà tại Dalat,1. Phòng riêng mộc mạc cho gia đình/bạn bè,3659384,3659384,2,4.95,37,https://a0.muscache.com/im/pictures/miso/Hosting-1057172216616698004/original/2bbc8dad-2c69-4785-ae09-a6b6c99f4ded.jpeg,https://www.airbnb.com.vn/rooms/1057172216616698004
Bungalow tại Dalat,DreamlakeDalat - Bungalow mộc mạc với bếp và bồn tắm nước nóng,2253413,1613389,2,4.86,77,https://a0.muscache.com/im/pictures/f901dda9-3652-46b6-be94-8a7f596efdb1.jpg,https://www.airbnb.com.vn/rooms/654793965951402986
Biệt thự tại Dalat,Villa săn mây view đẹp siêu đỉnh,5705885,5705885,2,4.73,52,https://a0.muscache.com/im/pictures/48d5c17a-1f15-4290-9118-41bfceb033ba.jpg,https://www.airbnb.com.vn/rooms/966974480803455247
Khách sạn tại Dalat,Nhà dì của bạn - phòng gia đình,2738825,2738825,2,0.0,0,https://a0.muscache.com/im/pictures/hosting/Hosting-1393077735516799751/original/8dd3aa48-8f4f-4028-b30d-46875de32649.jpeg,https://www.airbnb.com.vn/rooms/1402274679546921216
Nơi ở tại Dalat,Phòng Lò sưởi hồng,1825883,1825883,2,4.82,17,https://a0.muscache.com/im/pictures/miso/Hosting-1103219056408798706/original/23e6c4e5-4c21-443b-9dce-fb962341647c.jpeg,https://www.airbnb.com.vn/rooms/1103219056408798706
Phòng tại Dalat,Mèo Đồi~ 4 người ~ Nhà vệ sinh riêng ~ Không thích hợp cho trẻ em,1666118,1666118,2,0.0,0,https://a0.muscache.com/im/pictures/hosting/Hosting-U3RheVN1cHBseUxpc3Rpbmc6MTE3NDgxMzAwNDkzNDkyNzIwNg%3D%3D/original/e6a09ccb-83fd-4174-9ee5-378a98f92220.jpeg,https://www.airbnb.com.vn/rooms/1174813004934927206
Căn hộ tại Dalat,Mùa Chanh Vàng - Căn hộ ấm cúng cho 4 - 5 khách,2341484,2341484,2,5.0,6,https://a0.muscache.com/im/pictures/hosting/Hosting-U3RheVN1cHBseUxpc3Rpbmc6MTI2Nzc0MDcxODYzNDk1NDMyMg==/original/7032a0cf-fdaa-48aa-898d-23fcec62e6bc.jpeg,https://www.airbnb.com.vn/rooms/1267740718634954322
Nhà tại Dalat,Nhà Hạc,1878491,1878491,2,4.8,35,https://a0.muscache.com/im/pictures/c9575be2-1c80-42ef-a948-5c81bf9c254f.jpg,https://www.airbnb.com.vn/rooms/864231511950062800
Nhà tại Dalat,Villa Nguyên căn Cổ điển,5705886,5705886,2,4.81,21,https://a0.muscache.com/im/pictures/hosting/Hosting-U3RheVN1cHBseUxpc3Rpbmc6MTEzODI2MDk0MTg3MjI3MTgzNQ%3D%3D/original/841242b0-160a-4c43-a9b2-88b3191d271c.jpeg,https://www.airbnb.com.vn/rooms/1138260941872271835
Nhà tại Dalat,[Nhà đơn giản] 1 pho ̀ ng ngu ̉ cho 2 người có ban công,1437883,1437883,2,5.0,3,https://a0.muscache.com/im/pictures/miso/Hosting-1404764463570089304/original/3c683fa6-cd55-421a-9677-f53ea9cd49da.jpeg,https://www.airbnb.com.vn/rooms/1404764463570089304
Phòng tại Dalat,Phòng riêng có ban công và tầm nhìn ra thành phố đẹp 4,912942,912942,2,4.74,54,https://a0.muscache.com/im/pictures/70f7ce35-75ab-48c6-8ffe-e2b1534bb7cc.jpg,https://www.airbnb.com.vn/rooms/46118076
Nơi ở tại Dalat,Thung lũng Emai & Nhà hàng | Phòng II: Minuet,3300000,3300000,2,5.0,13,https://a0.muscache.com/im/pictures/miso/Hosting-880778684392616916/original/900a8517-b7e6-4792-9e58-ba33b8b3c28d.jpeg,https://www.airbnb.com.vn/rooms/880778684392616916
Nhà phố tại Dalat,Full house gần Hồ Xuân Hà,2997514,2272604,2,5.0,8,https://a0.muscache.com/im/pictures/hosting/Hosting-1359684441338208719/original/29f41f28-2506-41a5-b71f-a22eb6876c51.jpeg,https://www.airbnb.com.vn/rooms/1359684441338208719
Nhà tại Dalat,Little Thảo Điền ở Đà Lạt homestay,3407713,2670354,2,4.58,33,https://a0.muscache.com/im/pictures/miso/Hosting-709025250330381149/original/04f910f7-5b59-4f29-b7ff-1eb6dedbfa4f.jpeg,https://www.airbnb.com.vn/rooms/709025250330381149
Phòng tại Dalat,Nghỉ dưỡng gần gũi với thiên nhiên với bữa sáng tự làm tươi ngon,2283495,2283495,2,4.9,69,https://a0.muscache.com/im/pictures/6df6d076-1f89-4a45-a61a-1c0047130c05.jpg,https://www.airbnb.com.vn/rooms/29199519
Khách sạn tại Dalat,Rosaline - Phòng kiểu Paris - Trung tâm thành phố,769500,769500,2,4.88,32,https://a0.muscache.com/im/pictures/miso/Hosting-1139634456911968873/original/6a4ef8ab-4db8-4610-bcf2-28c71536a779.jpeg,https://www.airbnb.com.vn/rooms/1139634456911968873
Phòng tại Dalat,Phòng ban công view đồi thông Pine Tree  Đà Lạt,1138895,1138895,2,5.0,5,https://a0.muscache.com/im/pictures/miso/Hosting-1404176847430175907/original/5d828c88-4061-496a-b9c2-98765d0ecba1.jpeg,https://www.airbnb.com.vn/rooms/1404176847430175907
Nhà tại Dalat,Kén villa 5PN Đà Lạt,6162356,6162356,2,5.0,4,https://a0.muscache.com/im/pictures/hosting/Hosting-U3RheVN1cHBseUxpc3Rpbmc6MTMyNDM3Mjc1NDYyNzM4NjIwMA%3D%3D/original/7bf994bb-9a95-42fb-b259-e46af6f784ad.jpeg,https://www.airbnb.com.vn/rooms/1324372754627386200
Căn hộ tại Dalat,Căn hộ 3 phòng ngủ - Căn hộ hiện đại có bãi đỗ xe,1959535,1959535,2,4.77,62,https://a0.muscache.com/im/pictures/miso/Hosting-548984486425514499/original/5f26dd5f-70af-4d9f-ae85-bd989b7a5ce7.jpeg,https://www.airbnb.com.vn/rooms/548984486425514499
Căn hộ tại Dalat,The Hilley - ALDER APT - Traveler 's Choice 2023,2586139,2586139,2,4.91,94,https://a0.muscache.com/im/pictures/6ee0c49e-be7f-489d-b208-0d720dfb673d.jpg,https://www.airbnb.com.vn/rooms/47104755
Nơi ở tại Dalat,Căn hộ Duplex rộng rãi có ban công riêng,1700000,1700000,2,4.81,42,https://a0.muscache.com/im/pictures/2ca05a82-87c4-4380-9232-761de4146127.jpg,https://www.airbnb.com.vn/rooms/817212036990332976
Phòng tại Dalat,Căn phòng ấm áp với ban công đầy nắng,1141177,1141177,2,5.0,31,https://a0.muscache.com/im/pictures/miso/Hosting-1242478212888795316/original/8dce72a2-6e78-4375-8fad-fff93ead22d7.jpeg,https://www.airbnb.com.vn/rooms/1242497162574136968
Nhà tại Dalat,Tranquil Villa – 8 phòng ngủ & Bãi đỗ xe rộng rãi | Đà Lạt,7864962,7864962,2,4.58,19,https://a0.muscache.com/im/pictures/hosting/Hosting-U3RheVN1cHBseUxpc3Rpbmc6ODI4NjUyNzQ2OTEyNTAyMDQz/original/a2b43106-6d23-4c1c-924f-a06f7a979810.jpeg,https://www.airbnb.com.vn/rooms/828652746912502043
Khách sạn tại Dalat,Kim Quỳnh House,1217006,1217006,2,4.92,50,https://a0.muscache.com/im/pictures/miso/Hosting-1206833312656068652/original/79606f51-be29-4e83-a52f-35f207e5a41d.jpeg,https://www.airbnb.com.vn/rooms/1206833312656068652
Biệt thự tại Dalat,Retreat House w Garden/cách chợ Đà Lạt 3 km,4491176,4491176,2,4.95,20,https://a0.muscache.com/im/pictures/hosting/Hosting-U3RheVN1cHBseUxpc3Rpbmc6MTI4NTQxNTExOTM2NzQ5MzU3Nw%3D%3D/original/04b4fe11-16c8-4043-8e2b-4697b704f118.jpeg,https://www.airbnb.com.vn/rooms/1285415119367493577
Căn hộ tại Dalat,Mùa Chanh Vàng - Căn hộ ấm cúng cho 4 - 5 khách,2341484,2341484,2,5.0,6,https://a0.muscache.com/im/pictures/hosting/Hosting-U3RheVN1cHBseUxpc3Rpbmc6MTI2Nzc0MDcxODYzNDk1NDMyMg==/original/7032a0cf-fdaa-48aa-898d-23fcec62e6bc.jpeg,https://www.airbnb.com.vn/rooms/1267740718634954322
Nhà tại Dalat,11Cottage Đà Lạt,3423531,3423531,2,0.0,0,https://a0.muscache.com/im/pictures/hosting/Hosting-1235902594182368108/original/53ada72d-4e2b-4cc2-808c-5e20d00e7434.jpeg,https://www.airbnb.com.vn/rooms/1235902594182368108
Bungalow tại Dalat,Panorama Sunset View Bungalow w bếp và bồn tắm nước nóng,3191384,1994830,2,4.76,116,https://a0.muscache.com/im/pictures/fe8d6053-3ffc-4941-bea4-8911d9eff4ab.jpg,https://www.airbnb.com.vn/rooms/652459059182096832
Phòng tại  Ham Da,# ANNIEHOUSE| TẦM NHÌN TUYỆT VỜI RA THUNG LŨNG!,1848707,1848707,2,4.97,230,https://a0.muscache.com/im/pictures/469d8996-c570-40c2-8267-9bd4dc06314b.jpg,https://www.airbnb.com.vn/rooms/23345312
Bungalow tại Dalat,DreamLakeDL-Green Garden bungalow w kitchen hottub,2497850,2497850,2,4.89,128,https://a0.muscache.com/im/pictures/3a840e2a-8df3-4910-98c9-b9ffc4f15478.jpg,https://www.airbnb.com.vn/rooms/654530565768828518
Căn hộ tại Dalat,Căn hộ có tầm nhìn ở trung tâm - Jangbeginin 's House,2510589,2510589,2,5.0,5,https://a0.muscache.com/im/pictures/f4f11deb-73cb-4cd3-87b6-848daf5959ae.jpg,https://www.airbnb.com.vn/rooms/44143770
Khách sạn tại Dalat,Căn phòng ấm cúng ngay trung tâm Đà Lạt,1324000,1324000,2,4.79,24,https://a0.muscache.com/im/pictures/hosting/Hosting-1356457397472030053/original/073d9a4f-5c72-4c6f-8062-1e17eb91d460.jpeg,https://www.airbnb.com.vn/rooms/1356457397472030053
Căn hộ tại Dalat,Dalat Mint Full-View,3145814,1940001,2,4.73,117,https://a0.muscache.com/im/pictures/55fac201-ecb9-4c03-92bb-3f3951393045.jpg,https://www.airbnb.com.vn/rooms/47981689
Nhà nghỉ nông trại tại Dalat,"Nông trại- nhà nghỉ nông trại ở thành phố Đà Lạt, tầm nhìn ra núi",1572000,1572000,2,4.83,180,https://a0.muscache.com/im/pictures/85da1f76-5daa-4e4f-90fe-84e8f3ae4fab.jpg,https://www.airbnb.com.vn/rooms/22765849
Khách sạn tại Dalat,"Phòng đôi có bồn tắm – view núi, gần trung tâm",1734589,1734589,2,4.67,3,https://a0.muscache.com/im/pictures/hosting/Hosting-U3RheVN1cHBseUxpc3Rpbmc6MTQwMjg4MTEwNTc3Mjc4MTkwMA==/original/1b0bda90-8523-4d18-930c-c66050a45140.jpeg,https://www.airbnb.com.vn/rooms/1402881105772781900
Bungalow tại Dalat,Rustic Bungalow dành cho 2 người,1483530,1483530,2,4.8,5,https://a0.muscache.com/im/pictures/hosting/Hosting-1003905851330515038/original/65be7805-20d0-4ca9-8c02-94ec689313ca.jpeg,https://www.airbnb.com.vn/rooms/1003905851330515038
Cabin tại Dalat,Căn hộ studio 70m2 view rừng - Lavita home,3423531,3423531,2,5.0,8,https://a0.muscache.com/im/pictures/hosting/Hosting-1269332909749814492/original/bb2708d5-8353-46f2-ac09-555ac4fdca12.jpeg,https://www.airbnb.com.vn/rooms/1269332909749814492
Phòng tại Dalat,Émai Thi Sách Homestay | Room 3: May,2220985,1321600,2,4.59,71,https://a0.muscache.com/im/pictures/23f2cdba-e42d-4488-bcb3-8fc415c80b83.jpg,https://www.airbnb.com.vn/rooms/21872453
Căn hộ tại Dalat,Dalat Mint Full-View,3145814,1940001,2,4.73,117,https://a0.muscache.com/im/pictures/55fac201-ecb9-4c03-92bb-3f3951393045.jpg,https://www.airbnb.com.vn/rooms/47981689
Phòng tại Phường 1,GÓC PHỐ STUDIO,753177,753177,2,4.66,64,https://a0.muscache.com/im/pictures/35cd6012-624d-40eb-8ae1-8c56f97e4b05.jpg,https://www.airbnb.com.vn/rooms/37414444
Phòng tại Dalat,Ríu Rít_Phòng 2 khách cửa sổ lớn,1141177,1141177,2,5.0,6,https://a0.muscache.com/im/pictures/miso/Hosting-827924383947872948/original/bfd3e14f-7a75-4251-9a16-9c5a9567a32b.jpeg,https://www.airbnb.com.vn/rooms/827924383947872948
Phòng tại Dalat,Mèo Đồi~ 2 người ~ Nhà vệ sinh riêng ~Không thích hợp cho trẻ em,1369412,1369412,2,0.0,0,https://a0.muscache.com/im/pictures/miso/Hosting-1174813004934927206/original/ae0fd0dc-c831-4eaa-a371-f81f29cd1f75.jpeg,https://www.airbnb.com.vn/rooms/1384012044984732151
Phòng tại Phường 1,Lati May Dalat (Primus),867295,867295,2,4.95,57,https://a0.muscache.com/im/pictures/4a918864-5cd3-42a2-aeb7-f1e9d1fc5e86.jpg,https://www.airbnb.com.vn/rooms/1038156358220585539
Nhà phố tại Phường 1,sử dụng toàn bộ căn nhà ngay trung tâm tp đà lạt,2220423,2043664,2,4.69,78,https://a0.muscache.com/im/pictures/7345b542-f539-4435-a0f8-be95735f30b6.jpg,https://www.airbnb.com.vn/rooms/41996410
Nhà tại Dalat,Scent Bungalow - Scent Village,1825883,1825883,2,0.0,0,https://a0.muscache.com/im/pictures/miso/Hosting-1356864985882038262/original/1a8db265-b3ab-49f0-aa9c-ac3a002ff0dc.jpeg,https://www.airbnb.com.vn/rooms/1357015094955956886
Khách sạn tại Phường 2,Cửa hàng boutique Hè,1550000,1550000,2,5.0,8,https://a0.muscache.com/im/pictures/hosting/Hosting-1351162124128240091/original/c1e09ccf-2226-4bc3-8fee-c64e69a38e93.jpeg,https://www.airbnb.com.vn/rooms/1351162124128240091
Phòng tại Dalat,Phòng ấm cúng nhìn ra núi 180° | Thoát khỏi thiên nhiên,1399452,1399452,2,4.77,26,https://a0.muscache.com/im/pictures/miso/Hosting-967170060505537328/original/1eb6bbd3-e861-4362-9d8a-c19319b45332.jpeg,https://www.airbnb.com.vn/rooms/967170060505537328
Căn hộ tại Dalat,Căn hộ 2 phòng ngủ View Thung Lũng có ban công,3085021,3085021,2,5.0,17,https://a0.muscache.com/im/pictures/hosting/Hosting-U3RheVN1cHBseUxpc3Rpbmc6MTE1NjQ1MTYzNjMxNzAxNTk0NA%3D%3D/original/7d6ff947-113f-4a32-b30e-f8a3c08fdb24.jpeg,https://www.airbnb.com.vn/rooms/1156451636317015944
Nhà khách tại Phường 2,"Studio Central Đà Lạt – Gần chợ, hồ và quán cà phê",1597648,1597648,2,5.0,28,https://a0.muscache.com/im/pictures/hosting/Hosting-U3RheVN1cHBseUxpc3Rpbmc6MTQxMjE1MDA2MDQzMTg4NzMxMg==/original/7e37dffe-537e-4beb-a9ae-6305a39048fa.jpeg,https://www.airbnb.com.vn/rooms/1412150060431887312
Nhà tại Dalat,Nhà boutique trung tâm Đà Lạt,5564708,4564708,2,0.0,0,https://a0.muscache.com/im/pictures/hosting/Hosting-U3RheVN1cHBseUxpc3Rpbmc6MTQwNDI5MTQ1ODgyNTk2MDMwMw==/original/8b0e5f0f-44b8-4128-bbd2-3ab24f036f25.jpeg,https://www.airbnb.com.vn/rooms/1404291458825960303
Phòng tại Dalat,Sau cơn mưa,1602636,1314636,2,0.0,0,https://a0.muscache.com/im/pictures/miso/Hosting-1385460393267549650/original/0f243667-b06a-4fb2-8815-7c44fc7461f5.jpeg,https://www.airbnb.com.vn/rooms/1385460393267549650
Nhà tại Phường 1,Mai Hanh House,1643295,1643295,2,4.76,97,https://a0.muscache.com/im/pictures/4d5b320c-7c71-47dc-a78b-a9f16c0cd24a.jpg,https://www.airbnb.com.vn/rooms/32204017
Phòng tại Dalat,Phong cách nhà tối giản ở ĐÀ Lạt,1892001,1552001,2,0.0,0,https://a0.muscache.com/im/pictures/miso/Hosting-1437323572154806438/original/ead696b5-ef3e-4e51-a925-12d9d9acce44.jpeg,https://www.airbnb.com.vn/rooms/1437323572154806438
Nhà tại Dalat,Touch Dalat,6847062,6847062,2,0.0,0,https://a0.muscache.com/im/pictures/hosting/Hosting-1320813718540706392/original/49a8911a-ea37-4c90-a115-3f655a862de0.jpeg,https://www.airbnb.com.vn/rooms/1320813718540706392
Nhà tại Dalat,Biệt thự PHư ̃ a - Зà Lạt (Tâ ̀ m nhi ̀ n ra vườn - 4R),9129416,9129416,2,4.93,42,https://a0.muscache.com/im/pictures/a4678b34-2d4d-4ac9-9fd4-b7be8e1e59d7.jpg,https://www.airbnb.com.vn/rooms/817692500264056772
Nhà tại Phường 2,"Biệt thự Sol - 3 phòng, khu vực BBQ và trung tâm thành phố",5991179,5991179,2,0.0,0,https://a0.muscache.com/im/pictures/hosting/Hosting-1439007054372595802/original/076fe1f8-1e4f-49a1-8d5c-61eb59773683.jpeg,https://www.airbnb.com.vn/rooms/1439007054372595802
Phòng tại Dalat,Nhà dì của bạn - Phòng ngủ đơn,1483530,1483530,2,5.0,4,https://a0.muscache.com/im/pictures/hosting/Hosting-1384133180748382814/original/26a42c3e-8e8c-4230-9efd-83eeb0c04685.jpeg,https://www.airbnb.com.vn/rooms/1391147438745508380
Biệt thự tại Dalat,villa ngay trung tâm thành phố đà lạt- 4bedroom,11600000,11600000,2,5.0,5,https://a0.muscache.com/im/pictures/hosting/Hosting-U3RheVN1cHBseUxpc3Rpbmc6MTM3NDIzNzYzMDc2MjQ4NzcyMw==/original/d8cf5024-19ba-4ca5-802c-d92941205f50.jpeg,https://www.airbnb.com.vn/rooms/1374237630762487723
Phòng tại Dalat,Phòng ấm cúng nhìn ra núi 180° | Thoát khỏi thiên nhiên,1399452,1399452,2,4.77,26,https://a0.muscache.com/im/pictures/miso/Hosting-967170060505537328/original/1eb6bbd3-e861-4362-9d8a-c19319b45332.jpeg,https://www.airbnb.com.vn/rooms/967170060505537328
Tầng lửng tại Lâm Đồng,Ting house 2,1542457,1027059,2,4.82,205,https://a0.muscache.com/im/pictures/45984e89-8495-4d24-8c54-295218cd74da.jpg,https://www.airbnb.com.vn/rooms/22413938
Căn hộ tại Dalat,Căn hộ 2 phòng ngủ View Thung Lũng có ban công,3085021,3085021,2,5.0,17,https://a0.muscache.com/im/pictures/hosting/Hosting-U3RheVN1cHBseUxpc3Rpbmc6MTE1NjQ1MTYzNjMxNzAxNTk0NA%3D%3D/original/7d6ff947-113f-4a32-b30e-f8a3c08fdb24.jpeg,https://www.airbnb.com.vn/rooms/1156451636317015944
Biệt thự tại Dalat,"Villa 3BR View đồi thông, ấm cúng, phong cách Pháp",4108237,4108237,2,0.0,0,https://a0.muscache.com/im/pictures/hosting/Hosting-U3RheVN1cHBseUxpc3Rpbmc6MTE2MzQxOTgyMzgyMjIyMjAyMw==/original/997dfa85-5747-422b-81f9-6e6534dd6e0e.jpeg,https://www.airbnb.com.vn/rooms/1163419823822222023
Nhà tại Dalat,Ngói Casa - Lakeview Villa,13000000,13000000,2,0.0,0,https://a0.muscache.com/im/pictures/miso/Hosting-1434405951343326894/original/ad41ce5e-e8d7-4395-b7cd-34083217a8c9.jpeg,https://www.airbnb.com.vn/rooms/1434405951343326894
Căn hộ tại Dalat,Căn hộ Mimimo Ghibli Studio 2 phòng ngủ (3 giường),3628943,3628943,2,0.0,0,https://a0.muscache.com/im/pictures/hosting/Hosting-1236028900504703912/original/1602362d-e8b0-4f06-bbe1-bc0d1d383cc1.jpeg,https://www.airbnb.com.vn/rooms/1236028900504703912
Khách sạn tại Phường 2,Nơi ở tại trung tâm Đà Lạt,1500000,1500000,2,4.86,7,https://a0.muscache.com/im/pictures/hosting/Hosting-1351162124128240091/original/f1c0a8f1-0c80-4798-bb29-afc57cf31ca3.jpeg,https://www.airbnb.com.vn/rooms/1372150667060531653
Cabin tại Dalat,TeAmo Home cho thuê nguyên khu  có sân BBQ,5705885,5705885,2,4.89,9,https://a0.muscache.com/im/pictures/hosting/Hosting-709098196028180950/original/0d28b80f-b3f0-4787-9a35-c1afbc879acb.jpeg,https://www.airbnb.com.vn/rooms/709098196028180950
Nhà tại Dalat,"Biệt thự riêng 10-36 khách có Hồ bơi, BBQ, Lửa trại",20536985,20536985,2,5.0,4,https://a0.muscache.com/im/pictures/hosting/Hosting-U3RheVN1cHBseUxpc3Rpbmc6MTI4OTc0MjE5MTY3MTYxOTQxMg==/original/3a441a97-3204-4c1e-bce7-2eb9ccc2a7c4.jpeg,https://www.airbnb.com.vn/rooms/1289742191671619412
Biệt thự tại Dalat,Villa sân vườn và view thung lũng - Gió Villa,9129416,9129416,2,4.93,27,https://a0.muscache.com/im/pictures/miso/Hosting-564075695828418252/original/b12ba552-28ad-4433-a269-2e4becf1441f.jpeg,https://www.airbnb.com.vn/rooms/564075695828418252
Nhà tại Phường 1,Mai Hanh House,1643295,1643295,2,4.76,97,https://a0.muscache.com/im/pictures/4d5b320c-7c71-47dc-a78b-a9f16c0cd24a.jpg,https://www.airbnb.com.vn/rooms/32204017
Phòng tại Dalat,Mèo Đồi~ 4 người ~ Nhà vệ sinh riêng ~ Không thích hợp cho trẻ em,1666118,1666118,2,0.0,0,https://a0.muscache.com/im/pictures/hosting/Hosting-U3RheVN1cHBseUxpc3Rpbmc6MTE3NDgxMzAwNDkzNDkyNzIwNg%3D%3D/original/e6a09ccb-83fd-4174-9ee5-378a98f92220.jpeg,https://www.airbnb.com.vn/rooms/1174813004934927206
Nhà tại Phường 1,Tiến Thanh's House - Cách Chợ Đà Lạt 10 phút đi bộ,6024130,6024130,2,4.86,58,https://a0.muscache.com/im/pictures/hosting/Hosting-U3RheVN1cHBseUxpc3Rpbmc6ODUxNjg2MjU2NzEzMzEyNTE2/original/043c40b1-7da6-43ae-b998-fc22a6d3be14.jpeg,https://www.airbnb.com.vn/rooms/851686256713312516
Căn hộ tại Dalat,Căn hộ 3 phòng ngủ Chubby House Đà Lạt,3081178,3081178,2,4.95,19,https://a0.muscache.com/im/pictures/hosting/Hosting-U3RheVN1cHBseUxpc3Rpbmc6MTE1OTY4NTEwMjk0NTcyNzA1Mg%3D%3D/original/35e83381-3119-4d7b-bb85-566bc3f4cfa7.jpeg,https://www.airbnb.com.vn/rooms/1159685102945727052
Nhà nghỉ dưỡng tại Dalat,Little Forest | Nhà nghỉ dưỡng tuyệt vời của SAKURA,3600000,3600000,2,4.7,56,https://a0.muscache.com/im/pictures/miso/Hosting-598080474438884543/original/1e029d0f-6e78-4c9e-b523-296e8ab88aab.jpeg,https://www.airbnb.com.vn/rooms/598080474438884543
Nhà tại Dalat,SWEET HOME VILLA Đà Lạt 3 phòng ngủ,3066824,3066824,2,4.63,8,https://a0.muscache.com/im/pictures/miso/Hosting-1269846913066365022/original/d4e08f39-ac16-4076-b764-ec2ace676815.jpeg,https://www.airbnb.com.vn/rooms/1269856117085194310
Biệt thự tại Dalat,Biệt thự cổ trong lòng thành phố,5705885,5705885,2,4.8,20,https://a0.muscache.com/im/pictures/miso/Hosting-54041752/original/3e243cc1-ac8c-42eb-bedd-dd15fb09e5fb.jpeg,https://www.airbnb.com.vn/rooms/54041752
Nhà tại Dalat,Một căn 3 phòng ngủ ấm cúng và hiện đại,3091448,3091448,2,0.0,0,https://a0.muscache.com/im/pictures/hosting/Hosting-U3RheVN1cHBseUxpc3Rpbmc6MTQzOTYyMDUxOTQzMDk3OTY1Mg==/original/659a6cde-578f-4f98-9ee6-f71fb53f3f32.png,https://www.airbnb.com.vn/rooms/1439620519430979652
Căn hộ tại Dalat,Yukkuri * Condotel với tầm nhìn ngoạn mục * 3 giường,4567500,4567500,2,4.64,59,https://a0.muscache.com/im/pictures/miso/Hosting-49053832/original/9f11b743-50b3-4290-b67d-48430a8e56d3.jpeg,https://www.airbnb.com.vn/rooms/49053832
Nhà phố tại Dalat,Little Forest persimmon | Đáng để có một kỳ nghỉ tuyệt vời,3780000,3780000,2,4.85,166,https://a0.muscache.com/im/pictures/b67dcaf8-8587-41bb-bcb9-37b6fca255d2.jpg,https://www.airbnb.com.vn/rooms/28484586
Căn hộ tại Dalat,Căn hộ 2 phòng ngủ view thànhphố,2875766,2875766,2,0.0,0,https://a0.muscache.com/im/pictures/hosting/Hosting-1282527163667952362/original/896b92c6-9d8e-4061-a0d6-bbe09a078c30.jpeg,https://www.airbnb.com.vn/rooms/1439674108028740060
Căn hộ tại Phường 1,The Hilley - Walnut APT - Traveler 's Choice 2023,2586139,2586139,2,4.87,108,https://a0.muscache.com/im/pictures/52669084-7d7a-4ee6-b617-d31be2e02d39.jpg,https://www.airbnb.com.vn/rooms/47009789
Nơi ở tại Dalat,Ban Công_View Triền Đồi (R0.3)_Gia Hạ House,1192530,1192530,2,5.0,12,https://a0.muscache.com/im/pictures/hosting/Hosting-1104923221139727838/original/5a700e0d-af4d-4db3-a5bd-c190ede9ac7f.jpeg,https://www.airbnb.com.vn/rooms/1104923221139727838
Phòng tại Phường 1,Lati May Dalat (Secundus),867295,867295,2,4.94,50,https://a0.muscache.com/im/pictures/hosting/Hosting-1031143726041246737/original/6d066100-9d1d-4fcf-b6fa-eb10695f1fb6.jpeg,https://www.airbnb.com.vn/rooms/1031143726041246737
Nhà tại Dalat,Suncatcher House,2716001,2716001,2,4.82,39,https://a0.muscache.com/im/pictures/miso/Hosting-945470357955545078/original/89a24981-1153-4ac6-ae10-c28a20802d45.jpeg,https://www.airbnb.com.vn/rooms/945470357955545078
Nhà tại Dalat,Tháng Mười Villa Đà Lạt,5787296,4747296,2,0.0,0,https://a0.muscache.com/im/pictures/miso/Hosting-607075595492425399/original/b456bffa-cf1a-4953-bd03-35cb92c1cda3.jpeg,https://www.airbnb.com.vn/rooms/1443179327567230073
Biệt thự tại Dalat,Biệt thự Blue Light - Phong cách sống của khách sạn,6712175,6712175,2,5.0,24,https://a0.muscache.com/im/pictures/776097fe-5cef-4d6e-add3-b903eda8e534.jpg,https://www.airbnb.com.vn/rooms/38451024
Nhà tại Dalat,-20% Biệt thự Đà Lạt rộng rãi/3 pho ̀ ng ngu ̉ 4 pho ̀ ng ngu ̉ | BBQ & Thư giãn,3994120,3994120,2,0.0,0,https://a0.muscache.com/im/pictures/hosting/Hosting-1436947570721493624/original/cf847ae0-ba2e-45d8-8f08-53c9ca7f6aa5.jpeg,https://www.airbnb.com.vn/rooms/1436947570721493624
Phòng tại Dalat,-20% Ban công & BBQ/ Bếp - Chỗ ở yên bình,1780707,1460707,2,0.0,0,https://a0.muscache.com/im/pictures/miso/Hosting-1405581166226163856/original/59b79c68-ad22-4135-b500-f6f4252d16c9.jpeg,https://www.airbnb.com.vn/rooms/1405581166226163856
Căn hộ tại Phường 1,Căn hộ ấm cúng tại Khu dân cư Đà Lạt Center,3560472,3560472,2,5.0,29,https://a0.muscache.com/im/pictures/f25c9c23-2757-4a85-b338-c1d87560b5c8.jpg,https://www.airbnb.com.vn/rooms/26514171
Phòng tại Dalat,Ngôi nhà gỗ Haru bình yên có sân vườn,1697693,1697693,2,0.0,0,https://a0.muscache.com/im/pictures/hosting/Hosting-1183564336199974929/original/7f5e17e0-c8b7-483e-97e9-a4b3e4c16b06.jpeg,https://www.airbnb.com.vn/rooms/1183564336199974929
Phòng tại Dalat,"Bồn tắm mộc mạc yên tĩnh và thư giãn sang trọng, 1 giường cỡ King",2967060,2967060,2,4.88,8,https://a0.muscache.com/im/pictures/miso/Hosting-1049037169634728866/original/a3311fc4-84be-4f67-93b0-00b733547a05.jpeg,https://www.airbnb.com.vn/rooms/1087300424000676412
Phòng tại Dalat,Tequila de Charlotte,3537649,3537649,2,4.9,10,https://a0.muscache.com/im/pictures/hosting/Hosting-960026135442889092/original/3d2e163d-d111-4d6a-966c-94df82aa9c33.jpeg,https://www.airbnb.com.vn/rooms/960026135442889092
Bungalow tại Dalat,Bungalow hướng thành phố,1643295,1643295,2,5.0,3,https://a0.muscache.com/im/pictures/hosting/Hosting-1329079470826194736/original/0d2e4c75-4209-4b94-a7a5-ceeb2e23c789.jpeg,https://www.airbnb.com.vn/rooms/1329079470826194736
Cabin tại Dalat,Deja Vu - Cabin hiện đại rộng rãi + nhà bếp,2875231,2875231,2,4.75,189,https://a0.muscache.com/im/pictures/hosting/Hosting-U3RheVN1cHBseUxpc3Rpbmc6MTcwMjk1ODA=/original/28f98599-aebd-4ff3-800b-8142746a4de0.jpeg,https://www.airbnb.com.vn/rooms/17029580
Nhà tại Dalat,Căn Nhà Gỗ Nhỏ- trung tâm Đà Lạt,3004942,2464942,2,0.0,0,https://a0.muscache.com/im/pictures/hosting/Hosting-1440948240865740993/original/7e519dcc-e6fc-45ef-99c7-71bfdf84fd42.jpeg,https://www.airbnb.com.vn/rooms/1440948240865740993
Phòng tại Dalat,Lều gỗ phong cách Bắc Âu tại Đà Lạt -toilet riêng,1253172,1027972,2,4.83,6,https://a0.muscache.com/im/pictures/miso/Hosting-863996371657185564/original/815e3612-8aba-4339-b0ea-c747135b1797.jpeg,https://www.airbnb.com.vn/rooms/865459390033060099
Phòng tại Lâm Đồng,Phòng xinh đôi 2,1825883,1825883,2,5.0,3,https://a0.muscache.com/im/pictures/hosting/Hosting-22257007/original/3ea3b1a0-2019-4716-b65a-ad4a178607a3.jpeg,https://www.airbnb.com.vn/rooms/22257007
Khách sạn tại Dalat,Flower Home Khe Sanh 2,1485000,1485000,2,0.0,0,https://a0.muscache.com/im/pictures/miso/Hosting-1233090679550388623/original/ec03b3a8-fe87-4b79-80ae-c2bad89a1fd7.jpeg,https://www.airbnb.com.vn/rooms/1233090679550388623
Phòng tại Dalat,"Phòng trên tầng thượng tối giản, phòng tắm riêng",867295,867295,2,4.92,25,https://a0.muscache.com/im/pictures/39f3a65a-6b6f-408d-99fa-371da8b11bda.jpg,https://www.airbnb.com.vn/rooms/46192415
Phòng tại Dalat,Phòng Deluxe có bồn tắm/TV thông minh,2200000,2200000,2,4.87,46,https://a0.muscache.com/im/pictures/miso/Hosting-47326774/original/042349a7-914f-4b73-a457-0adc5854d566.jpeg,https://www.airbnb.com.vn/rooms/47326774
Nhà tại Dalat,Maison de Julie.,3176694,3176694,2,4.73,11,https://a0.muscache.com/im/pictures/c5ea975e-2005-4109-93cf-ab8e44545331.jpg,https://www.airbnb.com.vn/rooms/863921875691552996
Nhà tại Dalat,2. Ngôi nhà nhỏ gần trung tâm,2091076,2091076,2,4.85,20,https://a0.muscache.com/im/pictures/miso/Hosting-1143413519530804876/original/556ed835-ddb8-43ee-ba43-a8674001bf06.jpeg,https://www.airbnb.com.vn/rooms/1143413519530804876
Nhà tại Dalat,Phòng cho cặp đôi có bồn tắm,1375118,1375118,2,4.38,8,https://a0.muscache.com/im/pictures/miso/Hosting-767192510159792321/original/f3e1f61f-a8d2-44b8-ac3b-256f9a308109.jpeg,https://www.airbnb.com.vn/rooms/767192510159792321
Phòng tại Dalat,Émai Thi Sách Homestay | Phòng 5: Jasmine,3701729,2800000,2,4.8,51,https://a0.muscache.com/im/pictures/c3cb7b95-a969-47fc-895d-da6e8cee0140.jpg,https://www.airbnb.com.vn/rooms/21901538
Nhà nghỉ nông trại tại Dalat,Farm'ily Farmstay - bungalow 2 với tầm nhìn đẹp,1896000,1896000,2,4.79,176,https://a0.muscache.com/im/pictures/04a532b7-b273-41c8-a9df-4a02df2aacce.jpg,https://www.airbnb.com.vn/rooms/23556578
Nhà tại Dalat,Nhà gỗ gần đèo Prenn cho 4 người,3231982,2651182,2,0.0,0,https://a0.muscache.com/im/pictures/hosting/Hosting-1322187358464856526/original/f325d2d9-f1c8-4c91-b35b-d52b6309c461.jpeg,https://www.airbnb.com.vn/rooms/1322187358464856526
Phòng tại Dalat,Phòng gia đình riêng trong một ngôi nhà xinh đẹp,1027059,1027059,2,4.42,12,https://a0.muscache.com/im/pictures/a4a724f7-743f-425a-a646-3cd823101fd1.jpg,https://www.airbnb.com.vn/rooms/53976337
