HostID,HO_Password,HO_Firstname,HO_Lastname,HO_Sex,HO_AboutMe,HO_Description,HO_DateOfBirth,HO_Email,HO_DateCreateAcc,HO_AvgRating,HO_NumOfReview,HO_Status
HO00000001,A97188ADF1C027CBDB6CA934FD9A8A3F763957D8DF3A121825CE1640CBFB5497,Hương,Nguyễn,F,Chào mừng bạn đến với homestay của tôi!,"Tôi là một host thân thiện, sẵn sàng mang đến trải nghiệm tuyệt vời cho bạn.",1991-03-06,HO00000001@example.com,2023-04-15,0.0,0,Normal
HO00000002,E88F28B88488F623680D87BC76F1C9F0A3C2F9384B2A2690402D012AF9D4FC62,Phúc,Ngô,M,Chào mừng bạn đến với homestay của tôi!,"Tôi là một host thân thiện, sẵn sàng mang đến trải nghiệm tuyệt vời cho bạn.",1990-03-04,HO00000002@example.com,2022-02-05,0.0,0,Normal
HO00000003,A7B8CDED55F35C6FE43F458E6B1B8852916C4C725672232E1BE4E1FD78EF802A,Anh,Lý,F,Chào mừng bạn đến với homestay của tôi!,"Tôi là một host thân thiện, sẵn sàng mang đến trải nghiệm tuyệt vời cho bạn.",2002-12-02,HO00000003@example.com,2025-06-11,0.0,0,Normal
HO00000004,571D77F1F2EAF07269470BC1C68A18682AAD5D158CC64E43A455354A7AD79BBB,Khải,Tô,M,Chào mừng bạn đến với homestay của tôi!,"Tôi là một host thân thiện, sẵn sàng mang đến trải nghiệm tuyệt vời cho bạn.",1985-01-27,HO00000004@example.com,2024-03-25,0.0,0,Normal
HO00000005,8A4A44DD39AFB42C6781B32A82814BA67EEAFA63EC740DBD3CA1836D723FBF9B,Lan,Lý,F,Chào mừng bạn đến với homestay của tôi!,"Tôi là một host thân thiện, sẵn sàng mang đến trải nghiệm tuyệt vời cho bạn.",2000-10-30,HO00000005@example.com,2025-04-21,0.0,0,Normal
HO00000006,10C13FA4454DF0A2DDA045C26B761F976C59294608A860A95372E027F5D77746,Lan,Lê,F,Chào mừng bạn đến với homestay của tôi!,"Tôi là một host thân thiện, sẵn sàng mang đến trải nghiệm tuyệt vời cho bạn.",1993-12-18,HO00000006@example.com,2024-08-21,0.0,0,Normal
HO00000007,48E733E8C2EF2815B2C46B9C80A7E937A795DC61859F6660A94AB91E0282C38E,Khôi,Tô,M,Chào mừng bạn đến với homestay của tôi!,"Tôi là một host thân thiện, sẵn sàng mang đến trải nghiệm tuyệt vời cho bạn.",1986-08-17,HO00000007@example.com,2023-12-26,0.0,0,Normal
HO00000008,0A9DF76FAF4B355BE8F6D503D1AFAA0F539A4DE35DD13A4BC4DAD5BAD34F11D5,Khải,Mai,M,Chào mừng bạn đến với homestay của tôi!,"Tôi là một host thân thiện, sẵn sàng mang đến trải nghiệm tuyệt vời cho bạn.",1987-02-11,HO00000008@example.com,2024-10-18,0.0,0,Normal
HO00000009,5CBE0B15DA11FE4687138DECD37EF13576EA12630C3A93382467529C1635256A,Phúc,Nguyễn,M,Chào mừng bạn đến với homestay của tôi!,"Tôi là một host thân thiện, sẵn sàng mang đến trải nghiệm tuyệt vời cho bạn.",1997-09-21,HO00000009@example.com,2024-04-19,0.0,0,Normal
HO00000010,3CE3F5F08D2223BF91EED860752A328B5A27E0916F9008EA3E5D5B99D3A82A03,Khôi,Lê,M,Chào mừng bạn đến với homestay của tôi!,"Tôi là một host thân thiện, sẵn sàng mang đến trải nghiệm tuyệt vời cho bạn.",1993-01-14,HO00000010@example.com,2023-04-17,0.0,0,Normal
HO00000011,D711308695ACDCAA7CB0586E72008C82C8EBE00E3B36E61D77B2B76FFBA79B2F,Khải,Mai,M,Chào mừng bạn đến với homestay của tôi!,"Tôi là một host thân thiện, sẵn sàng mang đến trải nghiệm tuyệt vời cho bạn.",1990-02-17,HO00000011@example.com,2021-08-26,0.0,0,Normal
HO00000012,7F49416D126FA11756C2D0D2FAB9CFE7AA68B7EACFF47737DFE9156343B19553,Hương,Tô,F,Chào mừng bạn đến với homestay của tôi!,"Tôi là một host thân thiện, sẵn sàng mang đến trải nghiệm tuyệt vời cho bạn.",1986-05-14,HO00000012@example.com,2024-09-13,0.0,0,Normal
HO00000013,B0D06273608B9FF4CE10EBD6A7362B9F390589B4D9DFC17DE3F1267C5B91D5A2,Lan,Trần,F,Chào mừng bạn đến với homestay của tôi!,"Tôi là một host thân thiện, sẵn sàng mang đến trải nghiệm tuyệt vời cho bạn.",1981-02-24,HO00000013@example.com,2022-07-07,0.0,0,Normal
HO00000014,1704AFA1F56ABBF89B0759F6A584AAA390613FA621786BDDFBE97E5DE5A081F0,Huy,Nguyễn,M,Chào mừng bạn đến với homestay của tôi!,"Tôi là một host thân thiện, sẵn sàng mang đến trải nghiệm tuyệt vời cho bạn.",2000-05-07,HO00000014@example.com,2022-05-01,0.0,0,Normal
HO00000015,AD68D6380A17ACAB50D3EEC2F277927548EE386376C9E351375265006B65D32E,Phúc,Lý,M,Chào mừng bạn đến với homestay của tôi!,"Tôi là một host thân thiện, sẵn sàng mang đến trải nghiệm tuyệt vời cho bạn.",2004-01-20,HO00000015@example.com,2023-03-18,0.0,0,Normal
HO00000016,DA565D7B7FE641B409024A5892453008492FAE5315800F630129181AFC21A194,Anh,Tô,F,Chào mừng bạn đến với homestay của tôi!,"Tôi là một host thân thiện, sẵn sàng mang đến trải nghiệm tuyệt vời cho bạn.",1994-10-06,HO00000016@example.com,2021-08-26,0.0,0,Normal
HO00000017,9CB344D88C6A5CC8E640D1C763C1C9FC06C8111E3A2E7C334141E10DABE77735,Phúc,Nguyễn,M,Chào mừng bạn đến với homestay của tôi!,"Tôi là một host thân thiện, sẵn sàng mang đến trải nghiệm tuyệt vời cho bạn.",2003-02-10,HO00000017@example.com,2023-09-08,0.0,0,Normal
HO00000018,2D1750B54FEEBFED676EEB0C62A5BBC7B4358355ECBEF43EB0461C8431207930,Long,Trần,M,Chào mừng bạn đến với homestay của tôi!,"Tôi là một host thân thiện, sẵn sàng mang đến trải nghiệm tuyệt vời cho bạn.",1991-01-18,HO00000018@example.com,2024-03-16,0.0,0,Normal
HO00000019,141E63F06935B7618A107010DFEFC2075CBF9378DF03C5AA90CDFE72DA21476C,Khôi,Trần,M,Chào mừng bạn đến với homestay của tôi!,"Tôi là một host thân thiện, sẵn sàng mang đến trải nghiệm tuyệt vời cho bạn.",1989-01-14,HO00000019@example.com,2023-10-04,0.0,0,Normal
HO00000020,CE6BBE378AD11D1657F5C41915E6EBBEFDC28B877393D59EF10B4047CED40045,Long,Tô,M,Chào mừng bạn đến với homestay của tôi!,"Tôi là một host thân thiện, sẵn sàng mang đến trải nghiệm tuyệt vời cho bạn.",2004-12-06,HO00000020@example.com,2024-11-06,0.0,0,Normal
HO00000021,DF2E7085F5B53605DA47AB2BCA72470D1EF4D51BA598EA8579E76CE87CB4498B,Anh,Ngô,F,Chào mừng bạn đến với homestay của tôi!,"Tôi là một host thân thiện, sẵn sàng mang đến trải nghiệm tuyệt vời cho bạn.",2002-05-24,HO00000021@example.com,2024-01-26,0.0,0,Normal
HO00000022,CF799335923D15F54F56072BA66482C369D87F4E2AC128AAA5EE82093C881382,Hưng,Tô,M,Chào mừng bạn đến với homestay của tôi!,"Tôi là một host thân thiện, sẵn sàng mang đến trải nghiệm tuyệt vời cho bạn.",1985-11-24,HO00000022@example.com,2024-11-26,0.0,0,Normal
HO00000023,727DE8E93F445DB692AFA3F7A46FDE6AED21AA59D5AD81EFD6CDAE7AD44F65E3,Long,Mai,M,Chào mừng bạn đến với homestay của tôi!,"Tôi là một host thân thiện, sẵn sàng mang đến trải nghiệm tuyệt vời cho bạn.",1984-09-02,HO00000023@example.com,2021-10-22,0.0,0,Normal
HO00000024,BB5EF3FD6B0CC4ABB173CA666482A7488105F43B20736C3CCD37C9E6311BA52A,Khải,Nguyễn,M,Chào mừng bạn đến với homestay của tôi!,"Tôi là một host thân thiện, sẵn sàng mang đến trải nghiệm tuyệt vời cho bạn.",1988-10-24,HO00000024@example.com,2024-04-26,0.0,0,Normal
HO00000025,F993D3ABC2E43434352614423F22A8AF1D5212F36FFDB1FE1D7EE98DCEFC7DB5,Bình,Trần,M,Chào mừng bạn đến với homestay của tôi!,"Tôi là một host thân thiện, sẵn sàng mang đến trải nghiệm tuyệt vời cho bạn.",1997-06-23,HO00000025@example.com,2023-12-19,0.0,0,Normal
HO00000026,109C8B0CB5E0A57C8308A68A4C823D7315F4B8AF17B5FE07D59474CFA2198A07,Khải,Nguyễn,M,Chào mừng bạn đến với homestay của tôi!,"Tôi là một host thân thiện, sẵn sàng mang đến trải nghiệm tuyệt vời cho bạn.",2002-06-14,HO00000026@example.com,2024-09-12,0.0,0,Normal
HO00000027,4479D53DAAB546EC7015B0A61B700256AA1429250EBF94B7E9C0E46DD32BE585,Huy,Tô,M,Chào mừng bạn đến với homestay của tôi!,"Tôi là một host thân thiện, sẵn sàng mang đến trải nghiệm tuyệt vời cho bạn.",1981-04-04,HO00000027@example.com,2023-07-16,0.0,0,Normal
HO00000028,F65DCDEB3408BDB69E89ACB7D02E30DF51F6F12D014B2F7021DD94965618E8DA,Phúc,Nguyễn,M,Chào mừng bạn đến với homestay của tôi!,"Tôi là một host thân thiện, sẵn sàng mang đến trải nghiệm tuyệt vời cho bạn.",1982-10-07,HO00000028@example.com,2024-11-08,0.0,0,Normal
HO00000029,1B20D4B7D46B87433AB84A52E19AA974A8066053E62C5FF14C006D3428137C20,An,Tô,F,Chào mừng bạn đến với homestay của tôi!,"Tôi là một host thân thiện, sẵn sàng mang đến trải nghiệm tuyệt vời cho bạn.",1985-04-07,HO00000029@example.com,2022-05-03,0.0,0,Normal
HO00000030,4691552FBA8D9191A803FFED17C330041BF480DF6EAF776A0BC052C41267075D,Lan,Mai,F,Chào mừng bạn đến với homestay của tôi!,"Tôi là một host thân thiện, sẵn sàng mang đến trải nghiệm tuyệt vời cho bạn.",1997-12-14,HO00000030@example.com,2024-12-06,0.0,0,Normal
HO00000031,FE59E612C07FB86AD893510BA0C1AC70CF8D4BBE1EB8AAAE9DEA584A81EC7CFF,Hưng,Lý,M,Chào mừng bạn đến với homestay của tôi!,"Tôi là một host thân thiện, sẵn sàng mang đến trải nghiệm tuyệt vời cho bạn.",1995-01-08,HO00000031@example.com,2022-05-04,0.0,0,Normal
HO00000032,714160B08F838D22F4FF5060A6E07FF5EA9F109E4D5CF9E61E58BAB17204F0BC,Minh,Ngô,F,Chào mừng bạn đến với homestay của tôi!,"Tôi là một host thân thiện, sẵn sàng mang đến trải nghiệm tuyệt vời cho bạn.",1998-03-24,HO00000032@example.com,2023-04-22,0.0,0,Normal
HO00000033,A6A7AF04B66241CCACE8D6E803F807FB51C4CCF296206359CDF43E4028306F4F,Huy,Nguyễn,M,Chào mừng bạn đến với homestay của tôi!,"Tôi là một host thân thiện, sẵn sàng mang đến trải nghiệm tuyệt vời cho bạn.",1995-12-14,HO00000033@example.com,2022-11-30,0.0,0,Normal
HO00000034,D40033CE019FB8BCB74DC40591639F438485FADF64514E596ED52209FC50E375,Long,Lê,M,Chào mừng bạn đến với homestay của tôi!,"Tôi là một host thân thiện, sẵn sàng mang đến trải nghiệm tuyệt vời cho bạn.",1999-11-19,HO00000034@example.com,2025-02-16,0.0,0,Normal
HO00000035,62948F9D8C61E51BD1FF6B642745E629B0B813F1E9D5121BE9A9A37B0C661805,Anh,Ngô,F,Chào mừng bạn đến với homestay của tôi!,"Tôi là một host thân thiện, sẵn sàng mang đến trải nghiệm tuyệt vời cho bạn.",1981-11-05,HO00000035@example.com,2023-02-08,0.0,0,Normal
HO00000036,A1F439B31FE7A74D287ECB5B7943800D645A1E561350B7723C509DA72253F5F6,Long,Nguyễn,M,Chào mừng bạn đến với homestay của tôi!,"Tôi là một host thân thiện, sẵn sàng mang đến trải nghiệm tuyệt vời cho bạn.",1991-01-18,HO00000036@example.com,2023-03-30,0.0,0,Normal
HO00000037,0F22BC1BC298EA468FCDB46BF8C22D0290AD7306964DE0C04BD56DB236B18D07,Lan,Trần,F,Chào mừng bạn đến với homestay của tôi!,"Tôi là một host thân thiện, sẵn sàng mang đến trải nghiệm tuyệt vời cho bạn.",2002-05-04,HO00000037@example.com,2025-08-11,0.0,0,Normal
HO00000038,5674DE169AD28C49384F04586954CAF4DE281DC60D74D1FEAEAB76DE72DDE3AC,Bình,Mai,M,Chào mừng bạn đến với homestay của tôi!,"Tôi là một host thân thiện, sẵn sàng mang đến trải nghiệm tuyệt vời cho bạn.",1996-02-18,HO00000038@example.com,2024-02-20,0.0,0,Normal
HO00000039,1FDB1A469DE61FE28786288A67815FC7393428B52460CA094BC642C31B3061F1,Khôi,Nguyễn,M,Chào mừng bạn đến với homestay của tôi!,"Tôi là một host thân thiện, sẵn sàng mang đến trải nghiệm tuyệt vời cho bạn.",1989-08-19,HO00000039@example.com,2022-10-18,0.0,0,Normal
HO00000040,C78B54D4C465BEF5682DE64EF0E9951F80388E1EA14E2CAE66F406648D5EAB52,Hương,Tô,F,Chào mừng bạn đến với homestay của tôi!,"Tôi là một host thân thiện, sẵn sàng mang đến trải nghiệm tuyệt vời cho bạn.",1998-08-04,HO00000040@example.com,2022-04-30,0.0,0,Normal
HO00000041,09240239F2DCB38320BD383BF5826B61C26523FDB56FBC25DCD60FCEFF085406,Hương,Tô,F,Chào mừng bạn đến với homestay của tôi!,"Tôi là một host thân thiện, sẵn sàng mang đến trải nghiệm tuyệt vời cho bạn.",2000-12-26,HO00000041@example.com,2023-09-23,0.0,0,Normal
HO00000042,C34C2A11C421E234B06E8E4CB0F237F2808DCDDB97D7D990FED1DBD9A40619BC,Phúc,Ngô,M,Chào mừng bạn đến với homestay của tôi!,"Tôi là một host thân thiện, sẵn sàng mang đến trải nghiệm tuyệt vời cho bạn.",1995-01-03,HO00000042@example.com,2022-09-30,0.0,0,Normal
HO00000043,7544E159AEEE70E83D6E2D9DC66C15B621537717691DAF46DF934A8F727ED7F0,Huy,Ngô,M,Chào mừng bạn đến với homestay của tôi!,"Tôi là một host thân thiện, sẵn sàng mang đến trải nghiệm tuyệt vời cho bạn.",1988-02-25,HO00000043@example.com,2024-05-04,0.0,0,Normal
HO00000044,EE2FCC2E840DEBFA4403CA22F689D9A2BFAF59CD244F8AB26B9F652AA1B3A8B5,Minh,Mai,F,Chào mừng bạn đến với homestay của tôi!,"Tôi là một host thân thiện, sẵn sàng mang đến trải nghiệm tuyệt vời cho bạn.",2004-08-19,HO00000044@example.com,2024-01-03,0.0,0,Normal
HO00000045,D4FD58E28BE82AD3A73DD40095D128D08F1FD1E2684CBE989275F7BB01A161AE,Minh,Tô,F,Chào mừng bạn đến với homestay của tôi!,"Tôi là một host thân thiện, sẵn sàng mang đến trải nghiệm tuyệt vời cho bạn.",1994-08-28,HO00000045@example.com,2021-11-24,0.0,0,Normal
HO00000046,B1166EC1CF3AA349A672849FA66B444030B432B2EBE8F692E0BDAE39D625C8B1,Anh,Mai,F,Chào mừng bạn đến với homestay của tôi!,"Tôi là một host thân thiện, sẵn sàng mang đến trải nghiệm tuyệt vời cho bạn.",1980-06-12,HO00000046@example.com,2023-09-11,0.0,0,Normal
HO00000047,91E9907FD1A2D26BAAE44703EF6DACB09D0133667301249D7163346FA63A6822,Phúc,Nguyễn,M,Chào mừng bạn đến với homestay của tôi!,"Tôi là một host thân thiện, sẵn sàng mang đến trải nghiệm tuyệt vời cho bạn.",2003-10-28,HO00000047@example.com,2024-11-22,0.0,0,Normal
HO00000048,81FA123FF133D0CEB9BEEBE2511B163BB5EAF0DF99D9E627791F8219CA2D8505,Hưng,Ngô,M,Chào mừng bạn đến với homestay của tôi!,"Tôi là một host thân thiện, sẵn sàng mang đến trải nghiệm tuyệt vời cho bạn.",2003-05-03,HO00000048@example.com,2024-10-01,0.0,0,Normal
HO00000049,8225E956793B5A0512FD2FADCC7AD189F8C665C69A99814002B728B00B791844,Long,Ngô,M,Chào mừng bạn đến với homestay của tôi!,"Tôi là một host thân thiện, sẵn sàng mang đến trải nghiệm tuyệt vời cho bạn.",1980-10-13,HO00000049@example.com,2023-12-19,0.0,0,Normal
HO00000050,807281599FFA64C87B708BEB0374519AA89490119C62EE9F636FC1F48C897B5D,Minh,Trần,F,Chào mừng bạn đến với homestay của tôi!,"Tôi là một host thân thiện, sẵn sàng mang đến trải nghiệm tuyệt vời cho bạn.",1999-10-15,HO00000050@example.com,2023-05-26,0.0,0,Normal
HO00000051,1491715E01CA32FF3DEE81A0E00027D6DBCDD69A7B909206F6C75C3F723D6C21,An,Lý,F,Chào mừng bạn đến với homestay của tôi!,"Tôi là một host thân thiện, sẵn sàng mang đến trải nghiệm tuyệt vời cho bạn.",1984-11-16,HO00000051@example.com,2024-10-21,0.0,0,Normal
HO00000052,6ADE3B99DAF2F51E83EB1A37840E097255E793B83AEF9FC5B18B2E700FF1C598,Long,Lê,M,Chào mừng bạn đến với homestay của tôi!,"Tôi là một host thân thiện, sẵn sàng mang đến trải nghiệm tuyệt vời cho bạn.",2002-09-03,HO00000052@example.com,2024-03-20,0.0,0,Normal
HO00000053,AF0658E3234666B5F2315036F5D81521EDEC3BD496D940C3D97EE30FF1F9E227,Phúc,Ngô,M,Chào mừng bạn đến với homestay của tôi!,"Tôi là một host thân thiện, sẵn sàng mang đến trải nghiệm tuyệt vời cho bạn.",1993-06-18,HO00000053@example.com,2022-04-26,0.0,0,Normal
HO00000054,5BD9412E455E0C149AE9E2BE2C356D971A4C40ED941ABA81B22A19912A8739AE,Hưng,Nguyễn,M,Chào mừng bạn đến với homestay của tôi!,"Tôi là một host thân thiện, sẵn sàng mang đến trải nghiệm tuyệt vời cho bạn.",1989-07-02,HO00000054@example.com,2024-08-15,0.0,0,Normal
HO00000055,4CB6AFCBB0ED56D00728B42D7B0E41323DE7DEA2C74E81F9361B48390BF9B337,Hưng,Trần,M,Chào mừng bạn đến với homestay của tôi!,"Tôi là một host thân thiện, sẵn sàng mang đến trải nghiệm tuyệt vời cho bạn.",1995-05-17,HO00000055@example.com,2024-05-28,0.0,0,Normal
HO00000056,40DEA0CCAE8E311235EB33EEAC86D549DEFEB5FA6A548EE44ECC1E55F960B5DA,Khải,Trần,M,Chào mừng bạn đến với homestay của tôi!,"Tôi là một host thân thiện, sẵn sàng mang đến trải nghiệm tuyệt vời cho bạn.",1989-10-06,HO00000056@example.com,2021-11-30,0.0,0,Normal
HO00000057,0027CC8D9EEDB9D4B3CCE4C6875834433BA6044171F8D1A5271269A8ACA87A44,Lan,Tô,F,Chào mừng bạn đến với homestay của tôi!,"Tôi là một host thân thiện, sẵn sàng mang đến trải nghiệm tuyệt vời cho bạn.",2002-03-30,HO00000057@example.com,2022-01-27,0.0,0,Normal
HO00000058,CE0D4AA8E28BF0C2420B4617012C205E60572AF8DAFB635131627C3198222BB5,An,Mai,F,Chào mừng bạn đến với homestay của tôi!,"Tôi là một host thân thiện, sẵn sàng mang đến trải nghiệm tuyệt vời cho bạn.",1990-05-06,HO00000058@example.com,2021-10-21,0.0,0,Normal
HO00000059,65F8E4CBF854B6DD16607354E83A04F9BC822E158AC3E8B6D787A3630E495016,An,Lê,F,Chào mừng bạn đến với homestay của tôi!,"Tôi là một host thân thiện, sẵn sàng mang đến trải nghiệm tuyệt vời cho bạn.",1986-08-24,HO00000059@example.com,2023-02-01,0.0,0,Normal
HO00000060,3D87BE753004242AB8A4084A6487C85B6A4FF8C9B005FB66D58D399147BF6D21,An,Ngô,F,Chào mừng bạn đến với homestay của tôi!,"Tôi là một host thân thiện, sẵn sàng mang đến trải nghiệm tuyệt vời cho bạn.",1992-06-16,HO00000060@example.com,2023-12-06,0.0,0,Normal
HO00000061,087F6B2D3DDFC24651D199456DD5EB2FF8EFFA9C2E111887B8D74124A82BCA5F,Hưng,Trần,M,Chào mừng bạn đến với homestay của tôi!,"Tôi là một host thân thiện, sẵn sàng mang đến trải nghiệm tuyệt vời cho bạn.",1998-10-25,HO00000061@example.com,2025-04-16,0.0,0,Normal
HO00000062,19BDE6AE437C4EC56068B66C122655886097515496B0127E7B50F2313093A549,Khôi,Trần,M,Chào mừng bạn đến với homestay của tôi!,"Tôi là một host thân thiện, sẵn sàng mang đến trải nghiệm tuyệt vời cho bạn.",2001-02-08,HO00000062@example.com,2021-11-19,0.0,0,Normal
HO00000063,A02E71C987F98FF91817E179AA417B861F67CD9D610C8A93EA652216EB55AAE4,Hưng,Ngô,M,Chào mừng bạn đến với homestay của tôi!,"Tôi là một host thân thiện, sẵn sàng mang đến trải nghiệm tuyệt vời cho bạn.",1992-09-26,HO00000063@example.com,2021-10-23,0.0,0,Normal
HO00000064,69DBC4649884C1C865C4776C9B0F40143E22447C554B59D2311246882F11011E,Phúc,Nguyễn,M,Chào mừng bạn đến với homestay của tôi!,"Tôi là một host thân thiện, sẵn sàng mang đến trải nghiệm tuyệt vời cho bạn.",1993-10-20,HO00000064@example.com,2024-11-22,0.0,0,Normal
HO00000065,EB5DF4E19C0EB3EE4A9C6532DBD76272AB39C61BDA3D965F7954FF8FC3DFA135,Phúc,Lê,M,Chào mừng bạn đến với homestay của tôi!,"Tôi là một host thân thiện, sẵn sàng mang đến trải nghiệm tuyệt vời cho bạn.",1992-11-02,HO00000065@example.com,2023-10-21,0.0,0,Normal
HO00000066,1BB250D782FD63699771D2B7EFB8B6EA3A59935537F5AA69FBC009C62A99786A,Anh,Lê,F,Chào mừng bạn đến với homestay của tôi!,"Tôi là một host thân thiện, sẵn sàng mang đến trải nghiệm tuyệt vời cho bạn.",2004-02-23,HO00000066@example.com,2023-10-13,0.0,0,Normal
HO00000067,D102E44CE31E016C779AB60C8F484EFED6354F5C465736A85159B8246456EF79,Hưng,Tô,M,Chào mừng bạn đến với homestay của tôi!,"Tôi là một host thân thiện, sẵn sàng mang đến trải nghiệm tuyệt vời cho bạn.",1997-01-08,HO00000067@example.com,2024-04-05,0.0,0,Normal
HO00000068,3E20468F995FD843B531F034099BEBA7404D87E7CB4DDE8A5B7D37ECD6740D80,Lan,Nguyễn,F,Chào mừng bạn đến với homestay của tôi!,"Tôi là một host thân thiện, sẵn sàng mang đến trải nghiệm tuyệt vời cho bạn.",1984-10-01,HO00000068@example.com,2023-11-16,0.0,0,Normal
HO00000069,B7A0CEED6F8BCD5D7DA98BE5762DE8F6E998C8604911588C19F30C340C124FDB,Khôi,Lê,M,Chào mừng bạn đến với homestay của tôi!,"Tôi là một host thân thiện, sẵn sàng mang đến trải nghiệm tuyệt vời cho bạn.",1983-11-19,HO00000069@example.com,2025-01-02,0.0,0,Normal
HO00000070,49F809BF3C18361C40A600D24C5812C5707261CEE83D55309A8475CF700C56BB,Anh,Tô,F,Chào mừng bạn đến với homestay của tôi!,"Tôi là một host thân thiện, sẵn sàng mang đến trải nghiệm tuyệt vời cho bạn.",2002-12-18,HO00000070@example.com,2024-12-16,0.0,0,Normal
HO00000071,1589B4D8A7A36A8616985BED0E89DF58C9C61E733FE801FD912EB6D025D66245,Khôi,Lý,M,Chào mừng bạn đến với homestay của tôi!,"Tôi là một host thân thiện, sẵn sàng mang đến trải nghiệm tuyệt vời cho bạn.",1987-07-08,HO00000071@example.com,2023-11-06,0.0,0,Normal
HO00000072,BD91D49988FC5487ABD8D85C3E87D8F3C16B6CC6A4DF0650021A47E822F5210F,Bình,Nguyễn,M,Chào mừng bạn đến với homestay của tôi!,"Tôi là một host thân thiện, sẵn sàng mang đến trải nghiệm tuyệt vời cho bạn.",1997-03-05,HO00000072@example.com,2023-01-08,0.0,0,Normal
HO00000073,459D727898E13AD42825A8FD4DB603B42D37857315D3C83B74CCDA3E87070187,Anh,Nguyễn,F,Chào mừng bạn đến với homestay của tôi!,"Tôi là một host thân thiện, sẵn sàng mang đến trải nghiệm tuyệt vời cho bạn.",1995-05-04,HO00000073@example.com,2023-05-01,0.0,0,Normal
HO00000074,1E80E4F9840DB340155688678DFC163CDD46AEFB0BE0F857A585B5D399A0B9B5,Long,Tô,M,Chào mừng bạn đến với homestay của tôi!,"Tôi là một host thân thiện, sẵn sàng mang đến trải nghiệm tuyệt vời cho bạn.",1998-10-26,HO00000074@example.com,2025-04-01,0.0,0,Normal
HO00000075,DB07446297DCC9AD5F30A8A1482EF03FBB6E27A7196ECE120E16B410BE31E10A,Hưng,Trần,M,Chào mừng bạn đến với homestay của tôi!,"Tôi là một host thân thiện, sẵn sàng mang đến trải nghiệm tuyệt vời cho bạn.",1990-08-25,HO00000075@example.com,2024-10-31,0.0,0,Normal
HO00000076,5FADFE734538D31F411E5887DEC51F7289D355576A917A43C1FBE4F4D5B1C568,Khôi,Nguyễn,M,Chào mừng bạn đến với homestay của tôi!,"Tôi là một host thân thiện, sẵn sàng mang đến trải nghiệm tuyệt vời cho bạn.",2002-07-20,HO00000076@example.com,2024-07-08,0.0,0,Normal
HO00000077,3736C909D4545437C8EFD41FDEAD90F2F5CCED6AE24D66C55FE813700C3CBC2D,Bình,Ngô,M,Chào mừng bạn đến với homestay của tôi!,"Tôi là một host thân thiện, sẵn sàng mang đến trải nghiệm tuyệt vời cho bạn.",2002-10-15,HO00000077@example.com,2025-03-17,0.0,0,Normal
HO00000078,8DDB742B5EE132B9D2E2C4FDDBDA5D6788E93CBCAB72C2236E9D8AF3A79B0DE5,Huy,Nguyễn,M,Chào mừng bạn đến với homestay của tôi!,"Tôi là một host thân thiện, sẵn sàng mang đến trải nghiệm tuyệt vời cho bạn.",1984-10-03,HO00000078@example.com,2024-07-23,0.0,0,Normal
HO00000079,FD2925616633C76DE1B3FED64C9150CD981699E6BDCC3E9418D26FCACBAFFFFD,Anh,Nguyễn,F,Chào mừng bạn đến với homestay của tôi!,"Tôi là một host thân thiện, sẵn sàng mang đến trải nghiệm tuyệt vời cho bạn.",1998-11-24,HO00000079@example.com,2024-10-20,0.0,0,Normal
HO00000080,B67C66266679DB37DEE6041978ACA3A367035D169F952423BB66944CEDB3DC38,An,Tô,F,Chào mừng bạn đến với homestay của tôi!,"Tôi là một host thân thiện, sẵn sàng mang đến trải nghiệm tuyệt vời cho bạn.",1996-03-05,HO00000080@example.com,2022-03-01,0.0,0,Normal
HO00000081,203547BCA35C0BB6701C103E32A548DB6EDDFC8F72550151603B3959414025F9,An,Lý,F,Chào mừng bạn đến với homestay của tôi!,"Tôi là một host thân thiện, sẵn sàng mang đến trải nghiệm tuyệt vời cho bạn.",1989-06-30,HO00000081@example.com,2024-12-02,0.0,0,Normal
HO00000082,48C4DA76EED57424211795B49F66736F484A4F8305C2C87B52F27E165C1C8FE7,Huy,Trần,M,Chào mừng bạn đến với homestay của tôi!,"Tôi là một host thân thiện, sẵn sàng mang đến trải nghiệm tuyệt vời cho bạn.",1987-07-15,HO00000082@example.com,2022-12-23,0.0,0,Normal
HO00000083,4DF8D0EB1981A8270799CD9E65660E8BE3D9915DFB7943C6F7007C5EAB7DBE10,Long,Tô,M,Chào mừng bạn đến với homestay của tôi!,"Tôi là một host thân thiện, sẵn sàng mang đến trải nghiệm tuyệt vời cho bạn.",2001-11-04,HO00000083@example.com,2024-09-10,0.0,0,Normal
HO00000084,10BC0C8136BF2D51C41B3F6E7A75789B9AF8985943D0077EDDF11CB9E4D0B457,Hưng,Mai,M,Chào mừng bạn đến với homestay của tôi!,"Tôi là một host thân thiện, sẵn sàng mang đến trải nghiệm tuyệt vời cho bạn.",1985-07-28,HO00000084@example.com,2021-12-29,0.0,0,Normal
HO00000085,42F48FC42C9F54AEA4B1502F1AFF4CA1E476D38A1155C19D12C0A161094729FA,Lan,Ngô,F,Chào mừng bạn đến với homestay của tôi!,"Tôi là một host thân thiện, sẵn sàng mang đến trải nghiệm tuyệt vời cho bạn.",1996-09-05,HO00000085@example.com,2023-10-20,0.0,0,Normal
HO00000086,ED496504870CAB53FBE556E3DBA1110384B39B0C1F58E3167611791A73720933,Hưng,Ngô,M,Chào mừng bạn đến với homestay của tôi!,"Tôi là một host thân thiện, sẵn sàng mang đến trải nghiệm tuyệt vời cho bạn.",1994-04-04,HO00000086@example.com,2024-04-30,0.0,0,Normal
HO00000087,C3C6DB0317D9E6452BE4A7DA9351ECCF4326A96AF8871ED92A39FC3428C5A702,Phúc,Nguyễn,M,Chào mừng bạn đến với homestay của tôi!,"Tôi là một host thân thiện, sẵn sàng mang đến trải nghiệm tuyệt vời cho bạn.",2003-02-15,HO00000087@example.com,2024-07-06,0.0,0,Normal
HO00000088,3049CA1FC0055DBB3FE356676E8B2619B45B08763863D0DBEF6ACEE064B22A55,Khôi,Mai,M,Chào mừng bạn đến với homestay của tôi!,"Tôi là một host thân thiện, sẵn sàng mang đến trải nghiệm tuyệt vời cho bạn.",1996-12-20,HO00000088@example.com,2025-05-14,0.0,0,Normal
HO00000089,E2C754A641B7E1DDAEBD6301D3B6D40832E2652AB250A01156631BECB5EF11FD,Hưng,Nguyễn,M,Chào mừng bạn đến với homestay của tôi!,"Tôi là một host thân thiện, sẵn sàng mang đến trải nghiệm tuyệt vời cho bạn.",1982-03-08,HO00000089@example.com,2023-02-14,0.0,0,Normal
HO00000090,E766503FE202112D04BB39B93B2A927CFC5B271933F99CEEA3B74F25992760F4,Anh,Nguyễn,F,Chào mừng bạn đến với homestay của tôi!,"Tôi là một host thân thiện, sẵn sàng mang đến trải nghiệm tuyệt vời cho bạn.",2002-03-17,HO00000090@example.com,2025-02-28,0.0,0,Normal
HO00000091,1530729CC7521CEC6E1AF4F0732716DBF4B775FF59FA71EEBBBCEC404E8D93A2,Long,Tô,M,Chào mừng bạn đến với homestay của tôi!,"Tôi là một host thân thiện, sẵn sàng mang đến trải nghiệm tuyệt vời cho bạn.",1999-02-19,HO00000091@example.com,2022-07-31,0.0,0,Normal
HO00000092,E6DFB84EEA1556D0ECFD144A0A34D12ED560D1C63FE9870756614E4F30B5493B,Hương,Ngô,F,Chào mừng bạn đến với homestay của tôi!,"Tôi là một host thân thiện, sẵn sàng mang đến trải nghiệm tuyệt vời cho bạn.",1999-07-28,HO00000092@example.com,2022-10-07,0.0,0,Normal
HO00000093,2FC5CBE77E8AF09A60FC6D04D35665A4E0FF85682F60D767361AAA443EF47C00,Khải,Tô,M,Chào mừng bạn đến với homestay của tôi!,"Tôi là một host thân thiện, sẵn sàng mang đến trải nghiệm tuyệt vời cho bạn.",1980-07-31,HO00000093@example.com,2021-11-13,0.0,0,Normal
HO00000094,1203A5D09C27EBACF13BE7DCAEE9B6AC51D8454612AA432B482334DB872C081E,Huy,Nguyễn,M,Chào mừng bạn đến với homestay của tôi!,"Tôi là một host thân thiện, sẵn sàng mang đến trải nghiệm tuyệt vời cho bạn.",1992-08-27,HO00000094@example.com,2025-01-30,0.0,0,Normal
HO00000095,04945BA345D3F0F479B1CA5E94C025B17B1EFE2073C2DF97781F1CB9E2162146,An,Tô,F,Chào mừng bạn đến với homestay của tôi!,"Tôi là một host thân thiện, sẵn sàng mang đến trải nghiệm tuyệt vời cho bạn.",1985-10-19,HO00000095@example.com,2022-04-16,0.0,0,Normal
HO00000096,E4328F41156F519A556FCB3F88556FAFFA72B440ABA5B1BBC70092DEC735931F,Khôi,Mai,M,Chào mừng bạn đến với homestay của tôi!,"Tôi là một host thân thiện, sẵn sàng mang đến trải nghiệm tuyệt vời cho bạn.",1986-06-01,HO00000096@example.com,2025-04-29,0.0,0,Normal
HO00000097,9E354EE420E8445D0CE7F8A9E7485C4EB4720B25EFCAC72FD2C2D8F848DD2EE6,Long,Nguyễn,M,Chào mừng bạn đến với homestay của tôi!,"Tôi là một host thân thiện, sẵn sàng mang đến trải nghiệm tuyệt vời cho bạn.",1984-10-15,HO00000097@example.com,2023-11-12,0.0,0,Normal
HO00000098,B42C147AD9660AC97EA2C8DAE61B74A528173048104485F5B04A83212EF0C4ED,Huy,Lý,M,Chào mừng bạn đến với homestay của tôi!,"Tôi là một host thân thiện, sẵn sàng mang đến trải nghiệm tuyệt vời cho bạn.",1986-06-16,HO00000098@example.com,2023-12-20,0.0,0,Normal
HO00000099,45E2E55F96C06475A926442C0B2AC7BD727404986AC39DC745F48EB2055C9C09,Hương,Tô,F,Chào mừng bạn đến với homestay của tôi!,"Tôi là một host thân thiện, sẵn sàng mang đến trải nghiệm tuyệt vời cho bạn.",1983-07-03,HO00000099@example.com,2024-05-11,0.0,0,Normal
HO00000100,CC6FD5A49A45B83AB6A2D5113662C1AAE08D715B9931093FA6E22D9BCE1370A3,Khải,Tô,M,Chào mừng bạn đến với homestay của tôi!,"Tôi là một host thân thiện, sẵn sàng mang đến trải nghiệm tuyệt vời cho bạn.",1995-02-01,HO00000100@example.com,2021-10-09,0.0,0,Normal
HO00000101,D5BB5601BE1CE29C0D11FD22922C262A861B43725193DB2BFB1C8EAC7CB0BA2F,Minh,Trần,F,Chào mừng bạn đến với homestay của tôi!,"Tôi là một host thân thiện, sẵn sàng mang đến trải nghiệm tuyệt vời cho bạn.",1984-04-14,HO00000101@example.com,2023-06-27,0.0,0,Normal
HO00000102,1462111CAAE5EF7D8498060D04685ACDFBD3556D20BA1CE05EBB0B441ED96F95,Hương,Nguyễn,F,Chào mừng bạn đến với homestay của tôi!,"Tôi là một host thân thiện, sẵn sàng mang đến trải nghiệm tuyệt vời cho bạn.",2004-06-01,HO00000102@example.com,2022-04-19,0.0,0,Normal
HO00000103,B9A6FBBA3840D2C938A880B383296AAACEC78595932FD4A61FAAF412F5348EA8,Anh,Lý,F,Chào mừng bạn đến với homestay của tôi!,"Tôi là một host thân thiện, sẵn sàng mang đến trải nghiệm tuyệt vời cho bạn.",2003-01-02,HO00000103@example.com,2023-07-24,0.0,0,Normal
HO00000104,41758396D3EFB1A077C73D6A52B234E076B4540411B9E8062E8C38F9C0DC9272,Hưng,Nguyễn,M,Chào mừng bạn đến với homestay của tôi!,"Tôi là một host thân thiện, sẵn sàng mang đến trải nghiệm tuyệt vời cho bạn.",2004-06-04,HO00000104@example.com,2024-01-29,0.0,0,Normal
HO00000105,442937A4EA2E1A701111D2298D1F2D8B411A98455D3592D506BD2076DA88BCD4,Phúc,Lê,M,Chào mừng bạn đến với homestay của tôi!,"Tôi là một host thân thiện, sẵn sàng mang đến trải nghiệm tuyệt vời cho bạn.",1996-07-03,HO00000105@example.com,2024-10-11,0.0,0,Normal
HO00000106,B5524515126C97A1DFA14B3EFC8E2AE2BC80866AADB3A0845FD85329530F86C8,Hưng,Lý,M,Chào mừng bạn đến với homestay của tôi!,"Tôi là một host thân thiện, sẵn sàng mang đến trải nghiệm tuyệt vời cho bạn.",1980-09-27,HO00000106@example.com,2022-03-23,0.0,0,Normal
HO00000107,6021CFD67FB26ECA5F4464BD6C242F93105EA2FB2D8739B5A235B7DCB40C4639,Lan,Mai,F,Chào mừng bạn đến với homestay của tôi!,"Tôi là một host thân thiện, sẵn sàng mang đến trải nghiệm tuyệt vời cho bạn.",1985-07-08,HO00000107@example.com,2024-02-01,0.0,0,Normal
HO00000108,8268C079EE06AE5B98764B4B1E9B86D2F92DC51C098506157FA9992716D6587F,Anh,Nguyễn,F,Chào mừng bạn đến với homestay của tôi!,"Tôi là một host thân thiện, sẵn sàng mang đến trải nghiệm tuyệt vời cho bạn.",2000-11-19,HO00000108@example.com,2022-06-02,0.0,0,Normal
HO00000109,CDCA976FD14C3CD104C63388080A29A34999A558F94F040A57D32481173BE808,Bình,Nguyễn,M,Chào mừng bạn đến với homestay của tôi!,"Tôi là một host thân thiện, sẵn sàng mang đến trải nghiệm tuyệt vời cho bạn.",1982-11-23,HO00000109@example.com,2023-01-02,0.0,0,Normal
HO00000110,16603269873C61B6E061A24E74445596D4D91FC1C2DEAC1B9EBD514698EB09F9,Huy,Nguyễn,M,Chào mừng bạn đến với homestay của tôi!,"Tôi là một host thân thiện, sẵn sàng mang đến trải nghiệm tuyệt vời cho bạn.",1995-10-03,HO00000110@example.com,2024-01-15,0.0,0,Normal
HO00000111,C7B7FF10ECC49DE6A5D15E405504894CAC6CD852D904FCE9A1C9527EAE01CEB0,Khôi,Mai,M,Chào mừng bạn đến với homestay của tôi!,"Tôi là một host thân thiện, sẵn sàng mang đến trải nghiệm tuyệt vời cho bạn.",1999-04-28,HO00000111@example.com,2024-09-30,0.0,0,Normal
HO00000112,C8B3457A7A4A814E561FDE49A1E0AA2C10E53DF97803258AE407A653135428CE,Hương,Lý,F,Chào mừng bạn đến với homestay của tôi!,"Tôi là một host thân thiện, sẵn sàng mang đến trải nghiệm tuyệt vời cho bạn.",1990-05-04,HO00000112@example.com,2022-01-18,0.0,0,Normal
HO00000113,49D919C10461ADAC0582FB5F1E39E41EC67DC3854976A47A53FF1E5FA2A7B3A6,An,Nguyễn,F,Chào mừng bạn đến với homestay của tôi!,"Tôi là một host thân thiện, sẵn sàng mang đến trải nghiệm tuyệt vời cho bạn.",1986-08-04,HO00000113@example.com,2025-02-27,0.0,0,Normal
HO00000114,778EA05FFF66195B5148AD37010EA8A13C292798D860E9C01E5087D5B381F300,Hương,Lý,F,Chào mừng bạn đến với homestay của tôi!,"Tôi là một host thân thiện, sẵn sàng mang đến trải nghiệm tuyệt vời cho bạn.",1983-12-13,HO00000114@example.com,2024-04-12,0.0,0,Normal
HO00000115,81ED5A14D3A2B76B710626AE018215AFB80055210667CB3E353EB7D77251AA65,An,Lý,F,Chào mừng bạn đến với homestay của tôi!,"Tôi là một host thân thiện, sẵn sàng mang đến trải nghiệm tuyệt vời cho bạn.",1984-07-09,HO00000115@example.com,2024-01-08,0.0,0,Normal
HO00000116,766B3E44FD96A3FA37C5B7CE01C1EBF921D33E51ECEAFCD7CA35CA67A570438C,Bình,Trần,M,Chào mừng bạn đến với homestay của tôi!,"Tôi là một host thân thiện, sẵn sàng mang đến trải nghiệm tuyệt vời cho bạn.",1996-02-03,HO00000116@example.com,2022-05-31,0.0,0,Normal
HO00000117,EF7636DEEBF5BD9C55E7C466888BCFE0DE1012640E6F4866F29CE56CE5453D29,Minh,Lý,F,Chào mừng bạn đến với homestay của tôi!,"Tôi là một host thân thiện, sẵn sàng mang đến trải nghiệm tuyệt vời cho bạn.",1998-06-25,HO00000117@example.com,2023-06-25,0.0,0,Normal
HO00000118,DC5C0857D32277306C8AA7513A49C0E7CB98F5210F37FE3FAB3D0FB37AC98C37,Huy,Trần,M,Chào mừng bạn đến với homestay của tôi!,"Tôi là một host thân thiện, sẵn sàng mang đến trải nghiệm tuyệt vời cho bạn.",1995-07-24,HO00000118@example.com,2021-10-31,0.0,0,Normal
HO00000119,A793C9030E7802E4AD3FB2B01B6C743D8E446E5E4D7A25C43E269D821A3206EE,Khải,Lý,M,Chào mừng bạn đến với homestay của tôi!,"Tôi là một host thân thiện, sẵn sàng mang đến trải nghiệm tuyệt vời cho bạn.",1995-09-03,HO00000119@example.com,2023-10-28,0.0,0,Normal
HO00000120,B01A11A132824C94DAE94D178C8E5D476CE5A5FFF26EDB6ED393B44BF8F1DB58,Hưng,Mai,M,Chào mừng bạn đến với homestay của tôi!,"Tôi là một host thân thiện, sẵn sàng mang đến trải nghiệm tuyệt vời cho bạn.",1997-07-05,HO00000120@example.com,2022-01-18,0.0,0,Normal
HO00000121,81CB7D16649933E7669A4ED5D1F7088870B832E4E10B87B8FA0DFE0E33208C81,Bình,Mai,M,Chào mừng bạn đến với homestay của tôi!,"Tôi là một host thân thiện, sẵn sàng mang đến trải nghiệm tuyệt vời cho bạn.",1991-07-17,HO00000121@example.com,2022-11-28,0.0,0,Normal
HO00000122,8997679FF215FE04C2AF8665BAA8F0270319425FDBD3F4A37795ADFBBE0F7139,Anh,Lê,F,Chào mừng bạn đến với homestay của tôi!,"Tôi là một host thân thiện, sẵn sàng mang đến trải nghiệm tuyệt vời cho bạn.",1980-02-20,HO00000122@example.com,2024-08-30,0.0,0,Normal
HO00000123,11F422FB05ABD7EB952BC61F766BC73205A0569B747EE0C778A0B40DB7692289,Khôi,Tô,M,Chào mừng bạn đến với homestay của tôi!,"Tôi là một host thân thiện, sẵn sàng mang đến trải nghiệm tuyệt vời cho bạn.",2004-10-09,HO00000123@example.com,2023-05-24,0.0,0,Normal
HO00000124,47770FB77964D42492A306A994D8BC8C6CF1407A03C8C68BF4A195519CF13499,Khải,Lý,M,Chào mừng bạn đến với homestay của tôi!,"Tôi là một host thân thiện, sẵn sàng mang đến trải nghiệm tuyệt vời cho bạn.",1986-04-16,HO00000124@example.com,2022-09-30,0.0,0,Normal
HO00000125,F74D7CE7D4C1F75CA1925A745AF39CB820CA664C9C204AA389CF3D43F0C087B9,Hương,Nguyễn,F,Chào mừng bạn đến với homestay của tôi!,"Tôi là một host thân thiện, sẵn sàng mang đến trải nghiệm tuyệt vời cho bạn.",1986-07-28,HO00000125@example.com,2022-08-16,0.0,0,Normal
HO00000126,6A8EF27DB70CC01D369384D3D8A8D031B0A215144F9E941374C10C121FEC2103,Long,Nguyễn,M,Chào mừng bạn đến với homestay của tôi!,"Tôi là một host thân thiện, sẵn sàng mang đến trải nghiệm tuyệt vời cho bạn.",1986-03-22,HO00000126@example.com,2024-08-07,0.0,0,Normal
HO00000127,8E330619B23C1E6FC572B8AC9D2FDCD8317D575258A61F76C262928953BE2D43,Huy,Nguyễn,M,Chào mừng bạn đến với homestay của tôi!,"Tôi là một host thân thiện, sẵn sàng mang đến trải nghiệm tuyệt vời cho bạn.",1984-09-15,HO00000127@example.com,2023-10-08,0.0,0,Normal
HO00000128,AE7956E2FCB07F0FE9B097D4F97349ACECD6B6C1AFADBEC8775D15E6AA773C8C,Phúc,Nguyễn,M,Chào mừng bạn đến với homestay của tôi!,"Tôi là một host thân thiện, sẵn sàng mang đến trải nghiệm tuyệt vời cho bạn.",2004-12-15,HO00000128@example.com,2022-07-26,0.0,0,Normal
HO00000129,32EC9960C9F3442FDF535CBAC3889D8ABA195AE0978391FE558E4677BA63FF73,Hưng,Lê,M,Chào mừng bạn đến với homestay của tôi!,"Tôi là một host thân thiện, sẵn sàng mang đến trải nghiệm tuyệt vời cho bạn.",1999-07-30,HO00000129@example.com,2024-11-02,0.0,0,Normal
HO00000130,85058CA2EAFCF69B60B36F8C78AC88E8DE2A697D9CEE6B089D94943AB4963C1B,Long,Nguyễn,M,Chào mừng bạn đến với homestay của tôi!,"Tôi là một host thân thiện, sẵn sàng mang đến trải nghiệm tuyệt vời cho bạn.",1997-10-18,HO00000130@example.com,2024-08-29,0.0,0,Normal
HO00000131,137371EA7565796FFDEA2D552BF2895B9469BC9F8BF0F8F7B1417A65CB01C60F,Hương,Ngô,F,Chào mừng bạn đến với homestay của tôi!,"Tôi là một host thân thiện, sẵn sàng mang đến trải nghiệm tuyệt vời cho bạn.",1984-10-27,HO00000131@example.com,2025-04-28,0.0,0,Normal
HO00000132,F8E3D25F0CE1FFD0DE087604B547B6B77C61510C86F2844A7665FFD277C822A6,Lan,Nguyễn,F,Chào mừng bạn đến với homestay của tôi!,"Tôi là một host thân thiện, sẵn sàng mang đến trải nghiệm tuyệt vời cho bạn.",1985-03-23,HO00000132@example.com,2024-04-28,0.0,0,Normal
HO00000133,3A21192778F3D3B1A65FA18C9F15581563A5D8B0D32A6BD372F449B6013F091F,Khải,Ngô,M,Chào mừng bạn đến với homestay của tôi!,"Tôi là một host thân thiện, sẵn sàng mang đến trải nghiệm tuyệt vời cho bạn.",1987-07-22,HO00000133@example.com,2022-03-30,0.0,0,Normal
HO00000134,0E2150F3D607DA238655DABC2078F0D576E68A6791F188AA834CFA37BA92F11B,Long,Trần,M,Chào mừng bạn đến với homestay của tôi!,"Tôi là một host thân thiện, sẵn sàng mang đến trải nghiệm tuyệt vời cho bạn.",1998-02-13,HO00000134@example.com,2023-12-24,0.0,0,Normal
HO00000135,224BEB0B6610AE384DC2B165A2DDA77B831B4DFB7E100329A5A10E3149F0399A,Minh,Nguyễn,F,Chào mừng bạn đến với homestay của tôi!,"Tôi là một host thân thiện, sẵn sàng mang đến trải nghiệm tuyệt vời cho bạn.",1996-03-03,HO00000135@example.com,2024-12-06,0.0,0,Normal
HO00000136,56A7B76EBE6E99BFF55D49345EAB96A14D287A0A8F190D473B1CE9FE92DAC997,Long,Lê,M,Chào mừng bạn đến với homestay của tôi!,"Tôi là một host thân thiện, sẵn sàng mang đến trải nghiệm tuyệt vời cho bạn.",1996-06-10,HO00000136@example.com,2024-09-23,0.0,0,Normal
HO00000137,12D27EB76EB5222505E621EA3B088192533BB87B588D631CF30C81CFF8A08D8F,Hưng,Nguyễn,M,Chào mừng bạn đến với homestay của tôi!,"Tôi là một host thân thiện, sẵn sàng mang đến trải nghiệm tuyệt vời cho bạn.",1993-12-24,HO00000137@example.com,2024-02-25,0.0,0,Normal
HO00000138,714DF1BE67179D056174E16AE41807493F4902632B025A3652F94FBB162A0483,Huy,Trần,M,Chào mừng bạn đến với homestay của tôi!,"Tôi là một host thân thiện, sẵn sàng mang đến trải nghiệm tuyệt vời cho bạn.",1997-04-07,HO00000138@example.com,2024-10-20,0.0,0,Normal
HO00000139,F8DA8CD0735A6832B5BDBE02F2FAC34B56068CAC4347189BEFF5249E8001F541,Hưng,Nguyễn,M,Chào mừng bạn đến với homestay của tôi!,"Tôi là một host thân thiện, sẵn sàng mang đến trải nghiệm tuyệt vời cho bạn.",2004-09-14,HO00000139@example.com,2024-08-16,0.0,0,Normal
HO00000140,67871CD8F81739BA356D26AC2AAC4333BBDEA7A94528DDC7A5885156E1090BBD,Huy,Ngô,M,Chào mừng bạn đến với homestay của tôi!,"Tôi là một host thân thiện, sẵn sàng mang đến trải nghiệm tuyệt vời cho bạn.",2002-05-02,HO00000140@example.com,2023-10-09,0.0,0,Normal
HO00000141,2A20A99A79CDBF44D77017E800336C0F650AE9CF0E220D2CBAA4A3C38D3980AC,Bình,Trần,M,Chào mừng bạn đến với homestay của tôi!,"Tôi là một host thân thiện, sẵn sàng mang đến trải nghiệm tuyệt vời cho bạn.",1991-11-29,HO00000141@example.com,2022-04-08,0.0,0,Normal
HO00000142,7D17FCA1FCC112322DB3D84209CA8BF85362568D1F4AB6A80BEF6C23131DD85A,Hưng,Ngô,M,Chào mừng bạn đến với homestay của tôi!,"Tôi là một host thân thiện, sẵn sàng mang đến trải nghiệm tuyệt vời cho bạn.",1983-12-17,HO00000142@example.com,2021-08-26,0.0,0,Normal
HO00000143,6FCA3D0054C57BAD56A8176DA5A63B8A86D8CAC67B21E5E8FD9D7E5FA8A1BA37,An,Lê,F,Chào mừng bạn đến với homestay của tôi!,"Tôi là một host thân thiện, sẵn sàng mang đến trải nghiệm tuyệt vời cho bạn.",2003-01-14,HO00000143@example.com,2023-10-21,0.0,0,Normal
HO00000144,E21A45E89B9F45CDD792D58992600EE6487218F1456A0D6F5A9906D7E32AB6A0,Phúc,Nguyễn,M,Chào mừng bạn đến với homestay của tôi!,"Tôi là một host thân thiện, sẵn sàng mang đến trải nghiệm tuyệt vời cho bạn.",1980-08-27,HO00000144@example.com,2024-01-01,0.0,0,Normal
HO00000145,6D79231BC7AA41891B00D5933A0FEB14AED7BBD702931B711411EF58983FFBF0,Khôi,Trần,M,Chào mừng bạn đến với homestay của tôi!,"Tôi là một host thân thiện, sẵn sàng mang đến trải nghiệm tuyệt vời cho bạn.",1982-05-06,HO00000145@example.com,2024-01-01,0.0,0,Normal
HO00000146,76C58800E673B7B618856650CF83C25738977C6F7FE2DC41487011752EFB70CA,Khôi,Lê,M,Chào mừng bạn đến với homestay của tôi!,"Tôi là một host thân thiện, sẵn sàng mang đến trải nghiệm tuyệt vời cho bạn.",1989-08-21,HO00000146@example.com,2024-04-10,0.0,0,Normal
HO00000147,E52E45E27D21F273EC5B5FD896EB754B47D42E77D503C3B1A48F810B2253C6DB,An,Lê,F,Chào mừng bạn đến với homestay của tôi!,"Tôi là một host thân thiện, sẵn sàng mang đến trải nghiệm tuyệt vời cho bạn.",1985-05-06,HO00000147@example.com,2024-12-17,0.0,0,Normal
HO00000148,54F2571BFA56ED32DA61837BB4B420659CCE5C1F165A5820E8284D9E6E2098DE,Bình,Mai,M,Chào mừng bạn đến với homestay của tôi!,"Tôi là một host thân thiện, sẵn sàng mang đến trải nghiệm tuyệt vời cho bạn.",1989-11-04,HO00000148@example.com,2023-10-20,0.0,0,Normal
HO00000149,1C6C8CEA6FC03EACB2E782EFB7EABEB085DC60760196885651E4F3E543F2CDEC,Hương,Trần,F,Chào mừng bạn đến với homestay của tôi!,"Tôi là một host thân thiện, sẵn sàng mang đến trải nghiệm tuyệt vời cho bạn.",1986-10-01,HO00000149@example.com,2023-10-30,0.0,0,Normal
HO00000150,943ABCA183CA3AED3BA89A115343BB4384999A670EEF4DC1EEBCBD858897CC15,Khải,Mai,M,Chào mừng bạn đến với homestay của tôi!,"Tôi là một host thân thiện, sẵn sàng mang đến trải nghiệm tuyệt vời cho bạn.",1986-02-22,HO00000150@example.com,2023-01-17,0.0,0,Normal
HO00000151,6B05AE789B8FA69584339DB5D486EE3DFF2191217B0F5BFF280C3637C9EE5498,Phúc,Lê,M,Chào mừng bạn đến với homestay của tôi!,"Tôi là một host thân thiện, sẵn sàng mang đến trải nghiệm tuyệt vời cho bạn.",1982-03-27,HO00000151@example.com,2022-05-22,0.0,0,Normal
HO00000152,46F868FBBBC8FF4446D261D9BF29E3F000BB3BBA5FE59F2B28F8B99F27FD4766,Phúc,Nguyễn,M,Chào mừng bạn đến với homestay của tôi!,"Tôi là một host thân thiện, sẵn sàng mang đến trải nghiệm tuyệt vời cho bạn.",2003-10-29,HO00000152@example.com,2024-12-08,0.0,0,Normal
HO00000153,687836B5E2928F6D28D0987833DFD959560A52AFF1EF21DF9E7415381AB5F242,An,Nguyễn,F,Chào mừng bạn đến với homestay của tôi!,"Tôi là một host thân thiện, sẵn sàng mang đến trải nghiệm tuyệt vời cho bạn.",1985-10-11,HO00000153@example.com,2023-05-07,0.0,0,Normal
HO00000154,7E80B3F047A35C373CE1B5F674826A692FA0765814248B3C932FDD0DD861453F,Long,Ngô,M,Chào mừng bạn đến với homestay của tôi!,"Tôi là một host thân thiện, sẵn sàng mang đến trải nghiệm tuyệt vời cho bạn.",2002-01-12,HO00000154@example.com,2022-11-10,0.0,0,Normal
HO00000155,82679C879527FD33C60B2677E54112C08A186B4FDD43E185B599730F74E81413,Anh,Mai,F,Chào mừng bạn đến với homestay của tôi!,"Tôi là một host thân thiện, sẵn sàng mang đến trải nghiệm tuyệt vời cho bạn.",2003-08-17,HO00000155@example.com,2022-02-13,0.0,0,Normal
HO00000156,67AC2CB9A21D9268AD4588B7F50EC82DE387CC836028B9BEAAB8EFBCD521F284,Bình,Trần,M,Chào mừng bạn đến với homestay của tôi!,"Tôi là một host thân thiện, sẵn sàng mang đến trải nghiệm tuyệt vời cho bạn.",1991-05-20,HO00000156@example.com,2025-02-06,0.0,0,Normal
HO00000157,C7AE936B1D562BB03DD250999E0100B91D870F08FB5186AA777DC935604AD8E5,Hưng,Nguyễn,M,Chào mừng bạn đến với homestay của tôi!,"Tôi là một host thân thiện, sẵn sàng mang đến trải nghiệm tuyệt vời cho bạn.",1994-03-26,HO00000157@example.com,2025-02-05,0.0,0,Normal
HO00000158,A9F5BB416D6B5453ACC216751BF62EA29C691332F77B62F5E3167B0C0B278E99,Phúc,Lý,M,Chào mừng bạn đến với homestay của tôi!,"Tôi là một host thân thiện, sẵn sàng mang đến trải nghiệm tuyệt vời cho bạn.",2002-01-02,HO00000158@example.com,2022-06-20,0.0,0,Normal
HO00000159,791FBC3B783699B5928C8F3463317440FF7FFBAAAFD00C23128C6D88BADD950A,Phúc,Trần,M,Chào mừng bạn đến với homestay của tôi!,"Tôi là một host thân thiện, sẵn sàng mang đến trải nghiệm tuyệt vời cho bạn.",2000-05-28,HO00000159@example.com,2025-05-10,0.0,0,Normal
HO00000160,759458FC1323BF3B2929333013CCA453C1F129378CB5E62BDD3745A3E76AF9E0,Huy,Mai,M,Chào mừng bạn đến với homestay của tôi!,"Tôi là một host thân thiện, sẵn sàng mang đến trải nghiệm tuyệt vời cho bạn.",1996-05-21,HO00000160@example.com,2022-10-11,0.0,0,Normal
HO00000161,CE2957CA5CDFCBC72B1AA9314108F484A7144C227D738F6F9BAB59D87B6F0519,Hưng,Trần,M,Chào mừng bạn đến với homestay của tôi!,"Tôi là một host thân thiện, sẵn sàng mang đến trải nghiệm tuyệt vời cho bạn.",1994-06-16,HO00000161@example.com,2022-12-16,0.0,0,Normal
HO00000162,F0E0C0F11A6B465AECB070730928D8D6EFD2240EE825D07E89D9E2B593E6F2D3,Bình,Mai,M,Chào mừng bạn đến với homestay của tôi!,"Tôi là một host thân thiện, sẵn sàng mang đến trải nghiệm tuyệt vời cho bạn.",2001-05-14,HO00000162@example.com,2022-03-13,0.0,0,Normal
HO00000163,E455207D0D93AE457F462400D693E875429D154AEA7600D5CAFD7A580A5B8FF0,Minh,Tô,F,Chào mừng bạn đến với homestay của tôi!,"Tôi là một host thân thiện, sẵn sàng mang đến trải nghiệm tuyệt vời cho bạn.",1991-06-09,HO00000163@example.com,2024-06-08,0.0,0,Normal
HO00000164,D1527FE8CB945CEA4478EEF3762EE709351543AD30930BE390CAF8FC586A1636,Bình,Tô,M,Chào mừng bạn đến với homestay của tôi!,"Tôi là một host thân thiện, sẵn sàng mang đến trải nghiệm tuyệt vời cho bạn.",1986-11-30,HO00000164@example.com,2021-09-17,0.0,0,Normal
HO00000165,3CD53C8205AC1A6920A0FB956D9817A83BAC79545F2153CB928708375BB450D1,Bình,Lê,M,Chào mừng bạn đến với homestay của tôi!,"Tôi là một host thân thiện, sẵn sàng mang đến trải nghiệm tuyệt vời cho bạn.",2002-04-25,HO00000165@example.com,2025-04-11,0.0,0,Normal
HO00000166,4E843805E6CB4DE2EC236D7AE1527CA8776E9AAA1544E3B02052CF36F39F9649,Phúc,Lý,M,Chào mừng bạn đến với homestay của tôi!,"Tôi là một host thân thiện, sẵn sàng mang đến trải nghiệm tuyệt vời cho bạn.",1991-07-18,HO00000166@example.com,2024-08-19,0.0,0,Normal
HO00000167,277973DEA3C85F015F962BD0FBAE8F5630F1B6F0D690263EF927F7B315863D1A,Khôi,Lê,M,Chào mừng bạn đến với homestay của tôi!,"Tôi là một host thân thiện, sẵn sàng mang đến trải nghiệm tuyệt vời cho bạn.",1980-12-21,HO00000167@example.com,2025-03-12,0.0,0,Normal
HO00000168,8912B9EC6FB9AC04C404788642CB4064298064AE49C1BF80657920FCC3C6EDB0,Hương,Trần,F,Chào mừng bạn đến với homestay của tôi!,"Tôi là một host thân thiện, sẵn sàng mang đến trải nghiệm tuyệt vời cho bạn.",2004-08-08,HO00000168@example.com,2021-09-08,0.0,0,Normal
HO00000169,D29824A82BBAD86B030AD7081D35149223DD47164CEF963D30A126D934B3E896,An,Mai,F,Chào mừng bạn đến với homestay của tôi!,"Tôi là một host thân thiện, sẵn sàng mang đến trải nghiệm tuyệt vời cho bạn.",1998-12-21,HO00000169@example.com,2023-05-02,0.0,0,Normal
HO00000170,FA02CB761A0515828CBFDB6CD00708A0BC0B64EC0C90B1E209994C40315794FD,Khôi,Nguyễn,M,Chào mừng bạn đến với homestay của tôi!,"Tôi là một host thân thiện, sẵn sàng mang đến trải nghiệm tuyệt vời cho bạn.",1994-09-19,HO00000170@example.com,2024-10-05,0.0,0,Normal
HO00000171,B6B650AD27C9250458742EB79765121A3425BB4F99FFE5FE92477C06936EE95B,Khôi,Nguyễn,M,Chào mừng bạn đến với homestay của tôi!,"Tôi là một host thân thiện, sẵn sàng mang đến trải nghiệm tuyệt vời cho bạn.",1985-04-21,HO00000171@example.com,2024-04-07,0.0,0,Normal
HO00000172,30F540D8463DE8E76E52772C53DAA44707615DF59380FAB6EEBD930EAB480F76,Bình,Mai,M,Chào mừng bạn đến với homestay của tôi!,"Tôi là một host thân thiện, sẵn sàng mang đến trải nghiệm tuyệt vời cho bạn.",1980-09-18,HO00000172@example.com,2024-09-12,0.0,0,Normal
HO00000173,FA8D965F5CF13773D9FEF930377CCC345F552823880C9F6DAC62E7AD6692B4FE,Long,Lý,M,Chào mừng bạn đến với homestay của tôi!,"Tôi là một host thân thiện, sẵn sàng mang đến trải nghiệm tuyệt vời cho bạn.",2001-09-18,HO00000173@example.com,2023-07-26,0.0,0,Normal
HO00000174,2BFEADB244322FFA66356633C3D346099836DB345886063A2F41525FE20FF82F,Hương,Ngô,F,Chào mừng bạn đến với homestay của tôi!,"Tôi là một host thân thiện, sẵn sàng mang đến trải nghiệm tuyệt vời cho bạn.",1992-07-20,HO00000174@example.com,2023-04-13,0.0,0,Normal
HO00000175,8D6A981C4F6E3F80EE9E48F6052EDCA38BF3B5AD6542167358BF10A9FF472A31,Khải,Lê,M,Chào mừng bạn đến với homestay của tôi!,"Tôi là một host thân thiện, sẵn sàng mang đến trải nghiệm tuyệt vời cho bạn.",1982-11-18,HO00000175@example.com,2022-06-08,0.0,0,Normal
HO00000176,2FC09C8A2AF601DC3BCCFCF895E1BC434B003FE7D18D1F966B14AA264B0D8009,Khải,Tô,M,Chào mừng bạn đến với homestay của tôi!,"Tôi là một host thân thiện, sẵn sàng mang đến trải nghiệm tuyệt vời cho bạn.",1988-02-10,HO00000176@example.com,2023-02-12,0.0,0,Normal
HO00000177,4EC88D7F1BD5C2374C70E220285375EC515EF88155DC66E3B4617E23B040B65C,Anh,Lê,F,Chào mừng bạn đến với homestay của tôi!,"Tôi là một host thân thiện, sẵn sàng mang đến trải nghiệm tuyệt vời cho bạn.",1990-10-01,HO00000177@example.com,2022-02-03,0.0,0,Normal
HO00000178,B21AC15AB620701B853688AC9AABDCF9FD9665B576E8E3335030E086FAF432CA,Minh,Lê,F,Chào mừng bạn đến với homestay của tôi!,"Tôi là một host thân thiện, sẵn sàng mang đến trải nghiệm tuyệt vời cho bạn.",1984-03-30,HO00000178@example.com,2022-11-29,0.0,0,Normal
HO00000179,22AF29E84FC0196564FC147675489A4CFEF1EBC618A8B39EE6910F1DBA6FA733,Phúc,Ngô,M,Chào mừng bạn đến với homestay của tôi!,"Tôi là một host thân thiện, sẵn sàng mang đến trải nghiệm tuyệt vời cho bạn.",1987-04-06,HO00000179@example.com,2025-01-10,0.0,0,Normal
HO00000180,034B2A390923669B230D162E619C6CB0DABF65BA888D92493B05B64842A048E8,Hưng,Nguyễn,M,Chào mừng bạn đến với homestay của tôi!,"Tôi là một host thân thiện, sẵn sàng mang đến trải nghiệm tuyệt vời cho bạn.",2000-04-28,HO00000180@example.com,2025-08-24,0.0,0,Normal
HO00000181,81FB02E4099A7A287A0C5530BC10BEDBE1503E6F85A87614369B45A847A3EE46,Bình,Mai,M,Chào mừng bạn đến với homestay của tôi!,"Tôi là một host thân thiện, sẵn sàng mang đến trải nghiệm tuyệt vời cho bạn.",1981-05-06,HO00000181@example.com,2025-08-22,0.0,0,Normal
HO00000182,3C2CAD6453A91BE367E3E3841BA4860FBBA85BAED60C6002BB673F5B2DB068F2,Khôi,Trần,M,Chào mừng bạn đến với homestay của tôi!,"Tôi là một host thân thiện, sẵn sàng mang đến trải nghiệm tuyệt vời cho bạn.",2000-12-01,HO00000182@example.com,2021-12-04,0.0,0,Normal
HO00000183,B8F737331A9AFCE4A02E8B690AD9D74198B288938A527198974B3984F3444B8E,Khải,Lê,M,Chào mừng bạn đến với homestay của tôi!,"Tôi là một host thân thiện, sẵn sàng mang đến trải nghiệm tuyệt vời cho bạn.",2003-10-21,HO00000183@example.com,2024-02-29,0.0,0,Normal
HO00000184,8CA6AE0174368557DD12A734FA6FB00D117120A4B4B710675A7C1A4C54BF0342,Long,Lê,M,Chào mừng bạn đến với homestay của tôi!,"Tôi là một host thân thiện, sẵn sàng mang đến trải nghiệm tuyệt vời cho bạn.",1993-05-02,HO00000184@example.com,2021-08-30,0.0,0,Normal
HO00000185,09E92FA4C5F5FED9DA86F458FC74F1A40351A3C4BD2E4ACB030B57659EFDF141,Hưng,Nguyễn,M,Chào mừng bạn đến với homestay của tôi!,"Tôi là một host thân thiện, sẵn sàng mang đến trải nghiệm tuyệt vời cho bạn.",1984-02-27,HO00000185@example.com,2025-08-11,0.0,0,Normal
HO00000186,7EF761F41E4DFB2B5E44E0ED2566B1A9DDB42B094D38D812DBF40C0C6EAC3AEB,Lan,Nguyễn,F,Chào mừng bạn đến với homestay của tôi!,"Tôi là một host thân thiện, sẵn sàng mang đến trải nghiệm tuyệt vời cho bạn.",2001-12-01,HO00000186@example.com,2025-04-15,0.0,0,Normal
HO00000187,22A0B4F655563E2370672F274194CCABEAF29FEB5AB21D9AE9245D4C370890B4,Khôi,Mai,M,Chào mừng bạn đến với homestay của tôi!,"Tôi là một host thân thiện, sẵn sàng mang đến trải nghiệm tuyệt vời cho bạn.",1985-01-16,HO00000187@example.com,2023-11-21,0.0,0,Normal
HO00000188,E3A817141E8946728F13FF7F876FD231553A66193AB0014EDD20B0843219001E,Huy,Lê,M,Chào mừng bạn đến với homestay của tôi!,"Tôi là một host thân thiện, sẵn sàng mang đến trải nghiệm tuyệt vời cho bạn.",1986-02-10,HO00000188@example.com,2021-11-28,0.0,0,Normal
HO00000189,89CD8374D6A94DF5C620762BF3B2F8CC247092B3F2B0E178C0111B5E51BA1473,Hưng,Trần,M,Chào mừng bạn đến với homestay của tôi!,"Tôi là một host thân thiện, sẵn sàng mang đến trải nghiệm tuyệt vời cho bạn.",1982-09-13,HO00000189@example.com,2025-06-05,0.0,0,Normal
HO00000190,6F7A564D7DF5B47C97FFE3F0D5A21C4A1E92B79D1F6A7A3B27439DCB72E6329D,Huy,Mai,M,Chào mừng bạn đến với homestay của tôi!,"Tôi là một host thân thiện, sẵn sàng mang đến trải nghiệm tuyệt vời cho bạn.",1995-07-29,HO00000190@example.com,2025-02-28,0.0,0,Normal
HO00000191,AF9FDA2B2E98DFA795E045BD95244F62AD686AB46432D7C29BFDCC566FC05FF9,Minh,Mai,F,Chào mừng bạn đến với homestay của tôi!,"Tôi là một host thân thiện, sẵn sàng mang đến trải nghiệm tuyệt vời cho bạn.",2002-05-20,HO00000191@example.com,2024-03-15,0.0,0,Normal
HO00000192,DE9539764D6AE37A3F521606D7FA3104EAC6D3C95725AD7836C188A71A42CF18,An,Mai,F,Chào mừng bạn đến với homestay của tôi!,"Tôi là một host thân thiện, sẵn sàng mang đến trải nghiệm tuyệt vời cho bạn.",1997-03-18,HO00000192@example.com,2024-12-28,0.0,0,Normal
HO00000193,3468368AF2F0F0296E3D527320C49E5E0BF56E8178099B02C7D894AA06BB479E,Hưng,Lý,M,Chào mừng bạn đến với homestay của tôi!,"Tôi là một host thân thiện, sẵn sàng mang đến trải nghiệm tuyệt vời cho bạn.",2002-06-24,HO00000193@example.com,2024-05-27,0.0,0,Normal
HO00000194,FDF9C256E8C3CBF6D9FC29537629F8BAB45C5AAA3161429648F45DB2435778B7,Phúc,Ngô,M,Chào mừng bạn đến với homestay của tôi!,"Tôi là một host thân thiện, sẵn sàng mang đến trải nghiệm tuyệt vời cho bạn.",1986-11-30,HO00000194@example.com,2024-01-15,0.0,0,Normal
HO00000195,05B4E84113B5E70C08D83C4D631FE46471A517BBDBBADA0CC7E2EC7AF99B4A2A,Khôi,Tô,M,Chào mừng bạn đến với homestay của tôi!,"Tôi là một host thân thiện, sẵn sàng mang đến trải nghiệm tuyệt vời cho bạn.",1985-09-17,HO00000195@example.com,2024-10-21,0.0,0,Normal
HO00000196,3F6DD90E86E313C26C4088C47A2499E57B91E311541DEDE7B2D72306D318880E,Hưng,Tô,M,Chào mừng bạn đến với homestay của tôi!,"Tôi là một host thân thiện, sẵn sàng mang đến trải nghiệm tuyệt vời cho bạn.",1991-08-18,HO00000196@example.com,2022-01-07,0.0,0,Normal
HO00000197,4D8A6BAD26A3970B9599E0488570D95041EAD8A1134B66C9616D2134379C3830,Bình,Trần,M,Chào mừng bạn đến với homestay của tôi!,"Tôi là một host thân thiện, sẵn sàng mang đến trải nghiệm tuyệt vời cho bạn.",1980-04-22,HO00000197@example.com,2023-02-07,0.0,0,Normal
HO00000198,9897BEA16400156FFA48F320AAD9EEB272BD683579C1FA63155844E285C06FCF,Anh,Nguyễn,F,Chào mừng bạn đến với homestay của tôi!,"Tôi là một host thân thiện, sẵn sàng mang đến trải nghiệm tuyệt vời cho bạn.",1983-03-08,HO00000198@example.com,2024-07-09,0.0,0,Normal
HO00000199,8D582503A5D81D2ECB09908DFFBE495D95AD088E1D08C4F64E20817975B17FA6,Hương,Nguyễn,F,Chào mừng bạn đến với homestay của tôi!,"Tôi là một host thân thiện, sẵn sàng mang đến trải nghiệm tuyệt vời cho bạn.",2001-06-09,HO00000199@example.com,2021-10-07,0.0,0,Normal
HO00000200,6F1DB4715BC7FA1BA98DFC59CB99106FA0B1079DCB79D0EF8FE1619C7B1EED26,Hưng,Nguyễn,M,Chào mừng bạn đến với homestay của tôi!,"Tôi là một host thân thiện, sẵn sàng mang đến trải nghiệm tuyệt vời cho bạn.",1995-05-28,HO00000200@example.com,2025-06-17,0.0,0,Normal
